Channel Name,Message Date,Message Content
Doctors Ethiopia,2023-12-18 17:04:02+00:00,"https://youtu.be/5DBoEm-8kmA?si=LDLuEecNfULJVDzL   ­ЪЉѕ­ЪЉѕ

рЅарЅђріЋ ріаріЋрІ┤ рЅЦрЅ╗ рІерѕџрЅБрѕѕрІЇ рІерЅбрІЮріљрѕх ріарѕЏріФрѕф 

рЅа 10,000 рЅЦрѕГ рЅЦрЅ╗ рІерЅ░рїђрѕўрѕе рЅбрІЮріљрѕх ріЦрѕхріе рѕџрѕірІеріќрЅй рІФрІерїѕрІЇ рІерЇЋрѕФрїЇрѕЏ рібріЋрЅерѕхрЅхрѕўріЋрЅх рѕўрѕхрѕФрЅй рѕўрѕГрІх рЅЦрѕхрѕФрЅх 

рЅЦрѕІріГ рѕЏрѕГрігрЅх рІІрїІ рѕЏріљрІЇ рѕџрЅ░рѕЮріљрІЇ ?

рібрЅхрІ«рїхрІФ рІЇрѕхрїЦ рЅбрІЮріљрѕх рѕѕрѕўрїђрѕўрѕГ рїЦрѕЕ рѕ░ріарЅх ріљрІЇ рІѕрІГ ??

3 рЅбрІЮріљрѕх рѕхріЋрїђрѕЮрѕГ рІерѕЮріЋрѕ░рѕФрІЇ рѕхрѕЁрЅ░рЅХрЅй !

ріарѕЂріЉріЉ рІГрѕўрѕЇріерЅ░рЅ▒  ­ЪЉЄ­ЪЉЄ

https://youtu.be/5DBoEm-8kmA?si=LDLuEecNfULJVDzL"
Doctors Ethiopia,2023-11-03 16:14:39+00:00,"рІХріГрЅ░рѕГрѕх рібрЅхрІ«рїхрІФ рЅа ріарІ▓рѕх ріарЅђрѕФрѕерЅЦ рЅа рЅ┤рѕїрЅфрІЦріЋ рЇЋрѕ«рїЇрѕФрѕЎріЋ рѕѕрѕўрїђрѕўрѕГ ріерЇІрЅ░ріЏ рІЮрїЇрїЁрЅх рЅарѕЏрІхрѕерїЇ рѕІрІГ рІГрїѕріЏрѕЇ рЇб

рІЕрѕЃріЋрѕх рїЇрѕГрѕЏ рїєріњ ( рЅа рЅ▓ріГрЅХріГ ріе 500,000) рЅарѕІрІГ рЅ░ріерЅ│рІГ рІФрїѕріўрІЇ ріе ріарѕюрѕфріФ рІѕрІ░ рібрЅхрІ«рїхрІФ 
рїѕріЋрІ│ рІЇрѕхрїЦ ріерѕўрЅ░ріЏрЅх ріЦрѕхріе ріерЇІрЅ░ріЏ рЅ░ріерЇІрІГ рЅарібрЅхрІ«рїхрІФ ( 1 take production ) рЅарѕўрЅБрѕЇ рІерѕџрЅ│рІѕрЅђрІЇ рІЕрѕЃріЋрѕх рїЇрѕГрѕЏ ( рїєріњ) 

ріерІ▓рЇЋрѕгрѕйріЋ ріЦрѕхріе рЅ│рІІрЅѓріљрЅхріЋ рІФрЅ░рѕерЇѕрІЇ рїєріњ 

ріарѕЂріЉріЉ рІГрѕўрѕЇріерЅ▒ ­ЪЉЄ

https://youtu.be/gwVN5eJQpko?si=xARsSxIEdZtE91GY"
Doctors Ethiopia,2023-10-02 16:37:39+00:00,"рѕърЅх рЅарѕхрі│рѕГ 

рѕѕрѕЇрїєрЅ╗рЅйріЋ рІерѕЮріЊрѕ▓рІўрІЇ рѕЮрѕ│рЅЃ рѕ│ріЊрЅђрІЇ ріЦрІхрѕџрІФрЅИрІЇріЋ рІГрЅђріЋрѕ░рІЇ рІГрѕєріЋ 

рІерЅ│рѕИрїѕ рЅхріГріГрѕѕріЏ рїЂрѕх рібрЅхрІ«рїхрІФ рІЇрѕхрїЦ рІерѕѕрѕЮ...!

рѕЂрѕЅрѕЮ рІѕрѕІрїЁ рѕірІФрІерІЇ рІерѕџрїѕрЅБ

рІерЅ│рѕИрїЅ рїЂрѕХрЅй рѕўрїарїБрЅх ріЦрѕФрѕхріЋ рѕѕріерЇЇрЅ░ріЏ рїЅрІ│рЅх ріЦрѕхріе рѕърЅх рІхрѕерѕх рѕЏрїІрѕѕрїЦ ріљрІЇ !

рѕѕрѕЂрѕЅрѕЮ рібрі«ріќрѕџ рїцріЊріЋрѕЮ рІерѕџрїарЅЦрЅЁ ріарѕўрїІрїѕрЅЦ рІерЅ▒ ріљрІЇ??

https://youtu.be/oHiSRrNF7I0?si=Absgm414YSt_kjNq"
Doctors Ethiopia,2023-09-16 07:54:32+00:00,"ріе HIV рІерЅ░рЇѕрІѕрѕ░ рѕ░рІЇ ріарїІрїЦрѕЪрЅйрѕЂ рІФрЅЃрѕЇ ? рЇѕрІЇрѕх ріЦріЊ рѕЁріГрѕЮріЊ ?

рѕЎрѕЅ рЅфрІ▓рІ«рІЇріЋ рЅ░рѕўрѕЇріГрЅ░рІЇ рѕЃрѕ│рЅЦ ріарѕхрЅ░рІФрІерЅХріЋ рІФріФрЇЇрѕЅріЋ ­ЪЉЄ­ЪЉЄ­ЪЉЄ­ЪЉЄ

https://youtu.be/tTeErZxIh_Q?si=jKHyfWcC3sfXbC8L"
Doctors Ethiopia,2023-09-01 16:16:15+00:00,"рЅарЅЁрѕГрЅЦ рїірІю рЅарѕЃрїѕрѕФрЅйріЋ рѕІрІГ ріЦрІерЅ░рѕхрЅ░рІІрѕѕ рІФрѕѕ рІерЅ░рѕўрѕ│рѕ│рІГ рЇєрЅ│ ( Homosexuality ) рїЇрЅЦрѕе рѕ░рІХрѕЮ рЅарЅ░рѕѕрІФрІЕ рЅдрЅ│рІјрЅй рѕІрІГ ріЦрІерЅ│рІе рІГрїѕріЏрѕЇ

рІГрѕЁрѕЮ ріарїЦрЅЦрЅђріЋ рѕЮріЋрЅЃрІѕрѕўрІЇ рїЅрІ│рІГ рѕ▓рѕєріЋ 

- рІГрѕЁ рЅйрїЇрѕГ рЅарѕЁрѕЮріЊ рІГрѕѕрІФрѕЇ рІѕрІГ ?
- рЅЁрІхрѕў рѕЮрѕЇріГрЅх ріарѕѕрІЇ рІѕрІГ ?

рІѕрѕІрїєрЅй рѕЇрїєрЅ╗рЅйрѕЂріЋ ріЦріЋрІ┤рЅх рѕўрїарЅарЅЁ рЅхрЅйрѕІрѕѕрЅ╣ рѕЁріГрѕЮріЊрѕх ріарѕѕрІЇ рІѕрІГ ??

рЅарѕЮріЋрѕўрїѕрЅарІЇ рѕЮрїЇрЅЦ рѕірЅђрІГрѕЕрІеріЋ рІГрЅйрѕІрѕЅ рІѕрІГ ? 

ріарѕЂріЉріЉ рїѕрЅЦрЅ░рІЇ рѕЎрѕЅ рЅфрІ▓рІ«рІЇріЋ рІГрѕўрѕЇріерЅ▒ !

https://youtu.be/0k65P5ouw7s?si=qaUgo75bUa3AMQxD"
Doctors Ethiopia,2023-08-29 17:20:05+00:00,"­ЪЉЄ­ЪЉЄ­ЪЉЄ­ЪЉЄ­ЪЉЄ­ЪЉЄ https://youtu.be/-AR1KO2DbFw?si=47cXLZtlmhx1Nlqc  
**
рІХріГрЅ░рѕГрѕх рібрЅхрІ«рїйрІФ рЅаріарІ▓рѕх рЇЋрѕ«рїѕрѕФрѕЮ рїђрѕўрѕе**

рѕЏрѕерїЦ  (**рѕюріќрЇќрІЮ ) рїІрѕГ рЅ░рІФрІГрІъ рІерѕџрѕўрїБ рѕ┤рЅХрЅй рѕІрІГ рІерѕџріерѕ░рЅх рІерїцріЊ рЅйрїЇрѕ«рЅй**

**рѕ┤рЅХрЅй рѕІрІГ рІерѕџріерѕ░рЅх рІе рїЇрЅЦрѕерѕхрїІ рїЇріЋріЎріљрЅх рѕхрѕюрЅх рѕўрЅђріљрѕх ?**


**рІерѕ┤рЅХрЅй рІерІѕрѕГ ріарЅарЅБ рїЇрІю ріЦріЊ рѕїрѕјрЅйрѕЮ рїЅрІ│рІ«рЅй рЅ░ріљрѕхрЅ░рІІрѕЇ ріарѕЂріЉріЉ рІГрѕўрѕЇріерЅ▒ !!
**

**ріе рЅ┤рѕїрЅфрІЦріЋ рЇЋрѕ«рїЇрѕФрѕърЅ╗рЅйріЋ рЅарЅ░рїерѕЏрѕф ріарІ▓рѕх рЅарѕЇрІЕ ріарЅђрѕФрѕерЅЦ рІГрЅарѕЇрїЦ рІеріЊріЋрЅ░ріЋ рІерЅ░рѕўрѕЇріФрЅй рїЦрІФрЅё рѕѕрѕўрѕўрѕѕрѕх **

рІГрѕЁріЋ рІерѕўрѕ░рѕѕ рЇЋрѕ«рїЇрѕФрѕЮ рІГрІўріЋ рѕўрЅ░ріЊрѕЇ 


рІерїцріЊ рїЦрІФрЅёрІјріЋ рѕѕрѕўрѕІріГ @doctorsEt 


https://youtu.be/-AR1KO2DbFw?si=47cXLZtlmhx1Nlqc"
Doctors Ethiopia,2022-08-02 17:42:08+00:00,"ріГрѕерѕЮрЅ▒ріЋ рѕхрЇќрѕГрЅх рѕўрѕхрѕФрЅх ріарѕхрЅарІЇ рїѓрѕЮ рѕѕрѕўрїЇрЅБрЅх ріФрѕЇрЅ╗рѕЅ рЅБрѕЅрЅарЅх рЅдрЅ│ рѕєріљрІЇ

ріЦріљрІџрѕЁріЋ ріЦріЋрЅЁрѕхрЅЃрѕ┤рІјрЅй рЅарѕЏрІхрѕерїЇ рЅа ріарїГрѕГ рїЇрІю рІЇрѕхрїЦ рѕѕрІЇрїЦ рѕЏрѕЮрїБрЅх рІГрЅйрѕІрѕЅ 

ріЦрЅцрЅхрІј рѕєріљрІЇ рїарІјрЅх рІѕрІГріЋрѕЮ рѕЏрЅ│ рѕІрІГ рЅа 5 рІ░рЅЃрЅЃ рІЇрѕхрїЦ рЅЦрЅ╗ 

- рІерїјріЋ рЅдрѕГрїГ(рѕхрЅЦ) рѕѕрѕЏрїЦрЇІрЅх 
- рЅђріЋрІјріЋ рЅаріЋрЅЃрЅх рѕѕрѕўрїђрѕўрѕГ 

ріЦріљрІџрѕЁріЋ ріЦріЋрЅЁрѕхрЅЃрѕ┤рІјрЅй рІФрІхрѕГрїЅ 
рѕѕрѕЂрѕЅрѕЮ ріЦрІхрѕю ріГрѕЇрѕЇ рІерѕџрѕєріЋ ріЦріЋрЅЁрѕхрЅЃрѕ┤ рѕхрѕѕрѕєріљ ріе рЅцрЅ░рѕ░рЅд рїІрѕГ рѕўрѕхрѕФрЅх рІГрЅйрѕІрѕЅ !!

рѕіріЋріЕріЋ рЅарѕўрїФріЋ рІГрѕўрѕЇріерЅ▒ / рІХріГрЅ░рѕГрѕх рібрЅхрІ«рїхрІФ 
­ЪЉЄ­ЪЉЄ­ЪЉЄ­ЪЉЄ­ЪЉЄ
https://youtu.be/0uiTzjEbh90"
Doctors Ethiopia,2022-06-12 17:15:47+00:00,"рѕхрЇќрѕГрЅх рІерѕўрѕхрѕФрЅх рѕ▒рѕх рІГріќрѕГ рІГрѕєріЋ?

рЅаріарѕЂріЉ рІѕрЅЁрЅх рЅЦрІЎ рІерѕхрЇќрѕГрЅх рѕўрѕхрѕфрІФ рЅдрЅ│рІјрЅй рЅ░рїеріЊріЋрЅђрІЇ рІГрЅ│рІФрѕЇ

рѕхрЇќрѕГрЅх рѕўрѕхрѕФрЅх рѕѕрїцріЊ рїарЅЃрѕџ рЅбрѕєріЋрѕЮ ріЦріЋрІ│ріЋрІх рїЇрІю рїЇріЋ ріерІЏ рЅарѕІрІГрѕЮ ріарѕЇрЇј рѕхрЇќрѕГрЅх ріФрѕЇрѕ░рѕФрІЇ рІ▓рЇЋрѕгрѕйріЋ рІЇрѕхрїЦ рїѕрЅБрѕѕрІЇ / рѕ░рІЇріљрЅ┤ рІГрЅарѕІрѕ╗рѕЇ рІерѕџрѕЅ рѕ░рІјрЅйрѕЮ ріарѕЅ!

рѕ▒рѕх рѕЏрѕѕрЅх рѕФрѕхріЋ рѕѕ рѕєріљ ріљрїѕрѕГ рЅ░рїѕрІб рѕЏрІхрѕерїЇ ріљрІЇ! 

   рѕхрѕѕрІџрѕЁ рѕхрЇќрѕГрЅх рѕўрѕхрѕФрЅх ріЦрІЇріљрЅх рѕ▒рѕх рІГрѕєріЋ?

­ЪЉЄ­ЪЉЄ­ЪЉЄ рѕЎрѕЅ рЅфрІ▓рІ«рІЇріЋ рЅа рІ«рЅ▓рІЇрЅЦ рІГрѕўрѕЇріерЅ▒ 

 рѕхрЇќрѕГрЅх рЅцрЅх (рїѓрѕЮ) рѕѕрѕџрІФрЅарІЎ рѕЂрѕЅ рѕ╝рѕГ рІФрІхрѕГрїЅ!
­ЪЉЄ­ЪЉЄ­ЪЉЄ
https://youtu.be/WPlRuRtQXN8"
Doctors Ethiopia,2022-05-31 17:51:13+00:00,"рІхріЋрїѕрЅ░ріЏ ріарІ░рїІ / рІеріарїЦріЋрЅх рѕхрЅЦрѕФрЅх

ріарІФрѕГрїѕрІЇріЊ рІхріЋрїѕрЅ░ріЏ рІерѕєріљ ріарІ░рїІ рЅбрІ░рѕГрѕхрЅд рѕЮріЋ рѕЏрІхрѕерїЇ ріЦріЋрІ│рѕѕрЅд рІФрЅЃрѕЅ?

рЅарѕЃрїѕрѕФрЅйріЋ рІерѕўріфріЊ ріарІ░рїІ рЅа ріерЇЇрЅ░ріЏ рІ░рѕерїЃ ріарІерїерѕўрѕе ріЦріЊ рІерЅЦрІЎ рѕ░рІјрЅйріЋ рѕѓрІѕрЅх ріЦрІерЅђрїарЇѕрѕЮ рІГрїѕріЏрѕЇ рЇб

рЅарѕЃрїѕрѕФрЅйріЋ рІФрѕѕрІЇрѕЮ рІѕрЅЁрЅ│рІі рѕЂріћрЅ│рѕЮ рїдрѕГріљрЅХрЅй рЅЦрІЎ рѕ░рІјрЅйріЋ рѕѕ рІхріЋрїѕрЅ░ріЏ рІерѕєріљ ріарІ░рїІрІјрЅй : рѕхрЅЦрѕФрЅХрЅй рІФрїІрѕЇрїБрѕЇрЇб

рІХ/рѕГ рЅЃрѕЇрЅѓрІ│ріЋ (ріарїЦріЋрЅх рѕхрЇћрѕ╗рѕірѕхрЅх рѕЃріфрѕЮ) рѕхрѕѕ рІхріЋрїѕрЅ░ріЏ ріарІ░рїІ ріЦріЊ рѕхрЅЦрѕФрЅХрЅй ріарЅЦрѕФрѕГрЅХрѕЇріЊрѕЇ

ріЦрѕГрѕХрѕЮ рІГрѕЁ рЅйрїЇрѕГ рЅбрІ░рѕГрѕхрЅд рѕЏрІхрѕерїЇ рІФрѕѕрЅдрЅхріЋ ріљрїѕрѕГ рЅђрІхрѕўрІЇ рІГрІѕрЅЂ 

**рІХріГрЅ░рѕГрѕх рібрЅхрІ«рїхрІФ рЅа ріарІ│рІ▓рѕх рЇЋрѕ«рїЇрѕФрѕърЅйріЊ рІеріЊріЋрЅ░ріЋ рїЦрІФрЅёрІјрЅй рЅарѕХрѕ╗рѕЇ рѕџрІ▓рІФ рѕўрѕЇрѕх рІерѕџрІФрїѕріЎрЅарЅхріЋ рѕўріЋрїѕрІх ріЦрІФрѕхрЅ░ріФріерѕЇріЋ рѕ▓рѕєріЋ ріе рЅхріЋрѕй рІе ріЦрѕерЇЇрЅх рїЇрІюрІФрЅх рЅаріІрѕІ рЅа рЅ┤рѕїрЅфрІЦріЋ рЇЋрѕ«рїЇрѕЏрЅйріЋ рЅа рЇІріЊ рЅ┤рѕїрЅфрІЦріЋ рІФрїѕріЎріЊрѕЇ**

ріерЅ│рЅй рІФрѕѕрІЇріЋ рЅарѕўрїФріЋ рІГрѕўрѕЇріерЅ▒!
­ЪЉЄ­ЪЉЄ­ЪЉЄ­ЪЉЄ­ЪЉЄ­ЪЉЄ­ЪЉЄ
https://youtu.be/QI-8oqW80uI"
Doctors Ethiopia,2022-05-20 18:04:53+00:00,"ріерЅхріЋрѕй рїЇрІџрІФрЅх рЅарЇірЅх рѕхрЇќрѕГрЅх рѕўрѕхрѕФрЅх ріЦріЋрІ░ рЅЁріЋрїдрЅх рІГрЅ│рІГ ріљрЅарѕГ ріарѕЂріЋ рѕІрІГ рїЇріЋ рЅа рѕхрЇќрѕГрЅх рѕўрѕхрѕФрІФ рЅдрЅ│рІјрЅй рѕІрІГ рЅЦрІЎрІјрЅй рѕ▓рѕ░рѕЕ рІГрЅ│рІФрѕЇ

рІГрѕЁріЋріЋрѕЮ рЅ░ріерЅхрѕј рѕхрЇќрѕГрЅх рѕЏрІѕрЅЁ рІФрѕѕрЅЦріЋ рЅарїБрѕЮ ріарѕхрЇѕрѕІрїі ріљрїѕрѕГ ріарѕѕ!

рЅЦрІЎ рѕ░рІЇ ріаріЋрІх ріарѕўрЅх рІФрѕЁрѕЇ рѕ░рѕГрЅ╗рѕѕрІЇ рѕѕрІЇрїЦ рѕЮріЋрѕЮ рІерѕѕріЮрѕЮ ! рѕхрЇќрѕГрЅх рїЦрЅЁрѕЮ рІерѕѕрІЇрѕЮ рІГрѕІрѕЇ

ріЦріЏ рѕЮріЋ рѕўрѕхрѕФрЅх ріЦріЋрІ│рѕѕрЅдрЅх рѕџрѕхрїЦрѕЕріЋ ріЦріЋріЋрїѕрѕ«рЅх!
  ріерІџ рЅаріІрѕІ рїірІюрІјріЋ рѕ│рІФрЅБріГріЉ рЅаріарїГрѕГ рїЇрІю рІЇрѕхрїЦ 
рѕѕрІЇрїдріЋ рІФрІФрѕЅрЇб

рЅарІџрѕЁ рІ«рЅ▓рІЇрЅЦ рЅфрІ▓рІ« рѕІрІГ 

рѕЮріЋ рѕўрѕхрѕФрЅх ріЦріЋрІ│рѕѕрЅдрЅх рѕѕ рїђрѕЏрѕф ріЦріЋрІ▓рѕЂрѕЮ рЅарѕўрѕхрѕФрЅх рѕІрІГ рѕІрѕІрЅ╣ 

ріарїГрѕГ рЅфрІ▓рІ« рІГрѕўрѕЇріерЅ▒
­ЪЉЄ­ЪЉЄ­ЪЉЄ­ЪЉЄ­ЪЉЄ­ЪЉЄ
https://youtu.be/_IEWt07bECg"
Doctors Ethiopia,2022-05-15 15:59:10+00:00,"**рѕЇрїєрЅй рѕІрѕІрЅйрѕЂ / ріарЅБрЅх ріЦріЊрЅх рІѕрІГріЋрѕЮ ріЦрѕЁрЅх рІѕріЋрІхрѕЮ / рЅарЅЁрѕГрЅА рѕЇрїЁ рѕѕрѕўрІЇрѕѕрІх рІерѕЮрЅ│рѕхрЅА / рЅБрѕЂріЉ рѕ░ріарЅх ріЦрѕГрїЇрІЮріЊ рѕІрІГ рѕІрѕІрЅйрѕЂ рЇб**

рѕЇрїєрЅй ріаріЋрІ│ріЋрІх рїЇрІю рѕЮрїЇрЅЦ ріарѕЇрѕўрїѕрЅЦ рІГрѕІрѕЅ  рІГрѕЁ рІ░рїЇрѕъ рѕѕрІѕрѕІрїЁ рЅарїБрѕЮ ріарѕхрїеріЊрЅѓ ріљрїѕрѕГ ріљрІЇ !

рѕЁрЇЃріЊрЅх рѕЮрїЇрЅЦ ріарѕЇрѕўрїѕрЅЦ рІерѕџрѕЅрЅх рЅарѕЮріЋ рѕЮріГріЋрІФрЅх рІГрѕєріЋ ?

**рѕЁрЇЃріЊрЅх  ріерЅ░рІѕрѕѕрІ▒ 1 рѕ░рІљрЅх рїђрѕЮрѕ« рІеріЦріЊрЅх рїАрЅх рІѕрЅ░рЅхріЋ рѕЏрїЇріўрЅх ріарѕѕрЅБрЅИрІЇ : рІеріЦріЊрЅх рїАрЅх рІѕрЅ░рЅхріЋ рІерѕџрІѕрѕхрІ▒ рѕЇрїєрЅй рІѕрІ░рЇірЅх рІерѕўрІѕрЇѕрѕГ ріЦрІхрѕІрЅИрІЇ рЅарЅарѕйрЅ│ рІерѕўрїарЅЃрЅх ріЦрІхрѕІрЅИрІЇ ріаріљрѕхрЅ░ріЏ ріљрІЇ рЇб

рѕЁрЇЃріЊрЅх рѕхрІхрѕхрЅх рІѕрѕГ рѕ▓рѕърѕІрЅИрІЇ рЅ░рїерѕЏрѕф рѕЮрїЇрЅЦ рѕўрѕўрїѕрЅЦ рѕ▓рЇѕрѕЇрїЅ ріаріЋрІ│ріЋрІх рѕЮрѕЇріГрЅХрЅйріЋ рІФрѕ│рІФрѕЅрЇб

рѕЁрЇЃріЊрЅх рІерѕЮрїЇрЅЦ рѕўрѕўрїѕрЅЦ рЇЇрѕІрїјрЅ│рЅИрІЇ рѕѕрѕЮріЋ рІГрЅђріЋрѕ│рѕЇ ? 

рІХ/рѕГ ріцрѕЇрѕ│рЅцрїЦ рѕѕрІџрѕЁ рѕўрѕЇрѕх рІГрѕЁріЋ рЅхрѕѕріЊрѕѕрЅй
**
**рЅа рІ«рЅ▓рІЇрЅЦ рЅ╗ріЊрѕІрЅйріЋ рѕІрІГ рІе рІХ/рѕГріЋ рѕхрѕЇріГ рІФрѕхрЅђрѕўрїЦріЋ рѕ▓рѕєріЋ рЅа рїЇрѕЇ рѕѕрѕЏрѕЏріерѕГ рѕўрІ░рІѕрѕЇ рЅхрЅйрѕІрѕІрЅйрѕЂ рЇб
**
­ЪЉЄ­ЪЉЄ­ЪЉЄ­ЪЉЄ

https://youtu.be/V6zWVHcyFXI"
Doctors Ethiopia,2022-05-07 18:22:14+00:00,"**рЅарЅЦрІЎ рѕЏрѕЁрЅарѕФрІі рѕџрІ▓рІФрІјрЅй рЅа ріерЇІрЅ░ріЏ рѕЂріћрЅ│ ріЦрІерЅ░рѕИрїа рІФрѕѕрІЇ 

рЇЋрѕ«рЅ▓ріЋ- ріГрѕгрЅ▓ріЋ рЇќрІЇрІ░рѕ«рЅй ріЦріЊ  рѕїрѕјрЅй рІФрІѕрЇЇрѕФрѕЇ рЅ░рЅЦрѕѕрІЇ рІерѕџрѕИрїА рЇЊрІЇрІ░рѕ«рЅй ріЦрІЇріљрЅх рїЦрЅЁрѕЮ ріарѕІрЅИрІЇ рІѕрІГ ?**

**рѕЮріЋ ріарѕЇрЅБрЅх рѕѕрѕЇрїє рѕўрїЇрІЏрЅх ріарѕхрЅарІЇ рІГрѕєріЊрѕЇ ? 

рІѕрІГрѕЮ рЅБрѕЂріЉ рѕ░ріарЅх рїѕрІЮрЅ░рІЇ ріЦрІерЅ░рїарЅђрѕЎрѕЮ рІГрѕєріЊрѕЇ ? 

рІѕрІГріЋрѕЮ рІ░рїЇрѕъ рѕѕрѕўрїЇрІЏрЅх ріарѕхрЅарІЇ рІерЅхріЏрІЇ рЇќрІЇрІ░рѕГ рѕЇрїарЅђрѕЮ ріЦрІФрѕЅ ріљрІЇ ?

рЅарІџрѕЁ рЅфрІ▓рІ« рѕЎрѕЅ рѕўрѕЇрѕ▒ріЋ рѕўрѕЇрѕ░ріЊрѕЇ !!!
**
**рѕЂрѕЅрѕЮ рѕ░рІЇ рѕўрІЇрѕ░рІх рІГрЅйрѕІрѕЇ рІѕрІГ ?

ріЦрІхрѕюрѕх рїѕрІ░рЅЦ ріарѕѕрІЇ рІѕрІГ ??**

**рѕѕ ріЕрѕІрѕірЅх рѕЁрѕўрѕЮрѕх рІФрїІрѕЇрїБрѕЇ рІѕрІГ ?

рІЇрѕЃ рЅарІ░ріЋрЅЦ рїарїА рѕѕрѕЮріЋ рЅ░рЅБрѕѕ ?**

ріЦріљрІџрѕЁріЋ рІІріЊ ріљрїѕрѕ«рЅй рѕІрІГ рѕўрѕЇрѕх рѕ░рїаріЊрѕЇ ріарѕЂріЉріЉ рІГрѕўрѕЇріерЅ▒ !

ріЦрѕГрѕХ рЅБрІГрїарЅђрѕЎ рѕїрѕІ рЅцрЅ░рѕ░рЅд рѕірїарЅђрѕЮ рѕхрѕѕрѕџрЅйрѕЇ рѕ╝рѕГ рЅарѕЏрІхрѕерїЇ рѕѕрѕЂрѕЅрѕЮ рѕ░рІЇ ріЦріЊрІхрѕГрѕх


ріерІџрѕЁ рЅарЇірЅх ріЦріљрІџрѕЁріЋ рЇЊрІЇрІ░рѕ«рЅй рІерѕџрїарЅђрѕЎ ріерѕєріљ 
рѕЇрѕЮрІХріЋ рЅа рІ«рЅ▓рІЇрЅЦ рі«рѕюріЋрЅх рѕІрІГ рІФрѕхрЅђрѕЮрїАрѕЇріЋ 

­ЪЉЄ­ЪЉЄ­ЪЉЄ­ЪЉЄ­ЪЉЄ­ЪЉЄ­ЪЉЄ­ЪЉЄ­ЪЉЄ­ЪЉЄ­ЪЉЄ­ЪЉЄ­ЪЉЄ­ЪЉЄ
рЅ░рїГріљрІЇ рІГрѕўрѕЇріерЅ▒
https://youtu.be/43t6CLizU28"
Doctors Ethiopia,2022-05-06 17:51:05+00:00,"рІЏрѕг рѕЮрѕйрЅх 3:30 рЅа рЇІріЊ рЅ┤рѕїрЅфрІЦріЋ 

    рѕхрѕѕ рЇЋрѕ«рЅ▓ріЋ : ріГрѕгрЅ▓ріЋ рЇЊрІЇрІ░рѕ«рЅй рѕЮріЋ рѕЏрІѕрЅЁ рІГрЇѕрѕЇрїІрѕЅ?

рЅБрѕЂріЉ рѕ░ріарЅх рЅа рѕЏрѕЁрЅарѕФрІі рѕџрІ▓рІФ рЅа ріерЇІрЅ░ріЏ рѕЂріћрЅ│ ріЦрІерЅ░рѕИрїА рІерѕџрїѕріЎ ріЦріљрІџрѕЁ рЇќрІЇрІ░рѕ«рЅй 
ріЦрІЇріљрЅх рѕѕ ріЕрѕІрѕірЅх рѕЁрѕўрѕЮ рІФрїІрѕЇрїБрѕЅ рІѕрІГ?

рЅарЅ░рїерѕЏрѕфрѕЮ ріЦрЅцрЅХ рѕєріљрІЇ ріЦріљрІџрѕЁріЋ ріЦріЋрЅЁрѕхрЅЃрѕ┤рІјрЅй  рЅарѕЏрІхрѕерїЇ рїцріЊрІјріЋ рІГрїарЅЦрЅЂрЇб

рѕхрЇќрѕГрЅх рѕ▒рѕх рІГрѕєріЊрѕЇ рІѕрІГ ? рѕўрѕЇрѕ▒ріЋ рЅа рЇІріЊ рЅ┤рѕїрЅфрІЦріЋ рІГрїарЅЦрЅЂріЋрЇб

3:30 рЅа рЇІріЊ рЅ┤рѕїрЅфрІЦріЋ"
Doctors Ethiopia,2022-05-01 11:13:33+00:00,"ріерѕ│рѕЮріЋрЅх рЅарЇірЅх рЅарѕѕрЅђрЅЁріљрІЇ рЅдрѕГрїГріЋ рЅарѕЁріГрѕЮріЊ ріЦріЋрІ┤рЅх рѕЏрїЦрЇІрЅх рІГрЅ╗рѕІрѕЇ рЅарѕџрѕѕрІЇ рѕГріЦрѕ│рЅйріЋ 
ріе 100,000 рЅарѕІрІГ ріЦрІГрЅ│ріЋ ріарїЇріЮрЅирѕЇ рЇб

рѕхрѕѕрѕєріљрѕЮ рЅдрѕГрїГріЋ ріерѕЮріЊрїарЇІрЅарЅх рІІріЊ рѕўріЋрїѕрІХрЅй рІІріЊ ріарѕЏрѕФрїГ рІерѕєріљрІЇ рѕхрЇќрѕГрЅ│рІі ріЦріЋрЅЁрѕхрЅЃрѕ┤ рѕ▓рѕєріЋ

ріЦрЅцрЅх рІЇрѕхрїЦ рѕєріљріЋ ріЦріљрІџрѕЁріЋ рЅђрѕѕрѕЇ рІФрѕЅ рѕхрЇќрѕГрЅ│рІі ріЦріЋрЅЁрѕхрЅЃрѕ┤рІјрЅйріЋ рЅарѕЏрІхрѕерїЇ рЅдрѕГрїГріЋ рѕЏрїЦрЇІрЅх рІГрЅйрѕІрѕЅ

ріарѕЂріЋ рЅа рІ«рЅ▓рІЇрЅЦ рЅ╗ріЊрѕІрЅйріЋ рЅарѕўрѕёрІх 

ISSA certified personal Trainer 
  рЅхріЋрѕ│рІГ рЅЦрѕГрѕЃріЉ рїІрѕГ рЅєрІГрЅ│ ріарІхрѕГрїѕріЊрѕЇрЇб

рЅарЅђрѕІрѕЅ рЅдрѕГрїГріЋ рІФрїЦрЇЅ 

рЅдрѕї рЅАрѕЇрЅАрѕІ рѕЏрѕфрІФрѕЮ рѕЏрІърѕфрІФ 
рЇљрѕЇрѕх рЇірЅхріљрѕх рїѓрѕЮріЊрІџрІерѕЮ рЅарѕўрѕЮрїБрЅх ріарЅЦрѕерІЇріЋ рѕўрѕхрѕФрЅх рІГрЅйрѕІрѕЅ 



https://youtu.be/zZCUggh-1DA"
Lobelia pharmacy and cosmetics,2025-02-05 12:52:46+00:00,"Pre NAN 400mg
Price 3300 birr 
Telegram @Lobeliacosmetics
Msg­ЪЉЅ Lobelia pharmacy and cosmetics 
Рўј№ИЈ call 0911562031/0911587703
Adress:- Infront of Bole Medhanialem high school 
ALEMNESH PLAZA GROUND FLOOR 
Open Monday - Monday from 8am until midnight ріерѕ░ріъ - ріЦрѕхріе рѕ░ріъ┬а ріерїДрЅ▒ 2:00 рѕхрІЊрЅх - ріЦрѕхріе рѕЮрѕйрЅ▒ 6:00 рѕ░рІЊрЅх
­ЪЈЇ­ЪЈЇ­ЪЈЇ рІерЅхрѕФріЋрѕхрЇќрѕГрЅх ріарѕЏрѕФрїГ ріе70 - 500 рЅЦрѕГ
For delivery option fees are from 70 birr - 500 birr"
Lobelia pharmacy and cosmetics,2025-02-05 12:06:44+00:00,"GLUCOSAMINE 1000MG/100MG 90 CAPSULES 
Price 5000 birr 
Telegram https://t.me/lobelia4cosmetics
Msg­ЪЉЅ Lobelia pharmacy and cosmetics 
Рўј№ИЈ call 0911562031/0911587703
Adress:- Infront of Bole Medhanialem high school 
Open Monday - Monday from 8am until midnight ріерѕ░ріъ - ріЦрѕхріе рѕ░ріъ┬а ріерїДрЅ▒ 2:00 рѕхрІЊрЅх - ріЦрѕхріе рѕЮрѕйрЅ▒ 6:00 рѕ░рІЊрЅх
­ЪЈЇ­ЪЈЇ­ЪЈЇ рІерЅхрѕФріЋрѕхрЇќрѕГрЅх ріарѕЏрѕФрїГ ріе70 - 200 рЅЦрѕГ
For delivery option fees are from 70 birr - 200 birr"
Lobelia pharmacy and cosmetics,2025-02-05 12:06:44+00:00,"PEDIASURE LIQUID 
Price 900 birr 
Telegram @Lobeliacosmetics
Msg­ЪЉЅ Lobelia pharmacy and cosmetics 
Рўј№ИЈ call 0911562031/0911587703
Adress:- Infront of Bole Medhanialem high school 
ALEMNESH PLAZA GROUND FLOOR 
Open Monday - Monday from 8am until midnight ріерѕ░ріъ - ріЦрѕхріе рѕ░ріъ┬а ріерїДрЅ▒ 2:00 рѕхрІЊрЅх - ріЦрѕхріе рѕЮрѕйрЅ▒ 6:00 рѕ░рІЊрЅх
­ЪЈЇ­ЪЈЇ­ЪЈЇ рІерЅхрѕФріЋрѕхрЇќрѕГрЅх ріарѕЏрѕФрїГ ріе70 - 500 рЅЦрѕГ
For delivery option fees are from 70 birr - 500 birr"
Lobelia pharmacy and cosmetics,2025-02-05 12:06:44+00:00,"SUDO CREAM 
Price 4000 birr 
Telegram https://t.me/lobelia4cosmetics
Msg­ЪЉЅ Lobelia pharmacy and cosmetics 
Рўј№ИЈ call 0911562031/0911587703
Adress:- Infront of Bole Medhanialem high school 
Open Monday - Monday from 8am until midnight ріерѕ░ріъ - ріЦрѕхріе рѕ░ріъ┬а ріерїДрЅ▒ 2:00 рѕхрІЊрЅх - ріЦрѕхріе рѕЮрѕйрЅ▒ 6:00 рѕ░рІЊрЅх
­ЪЈЇ­ЪЈЇ­ЪЈЇ рІерЅхрѕФріЋрѕхрЇќрѕГрЅх ріарѕЏрѕФрїГ ріе70 - 200 рЅЦрѕГ
For delivery option fees are from 70 birr - 200 birr"
Lobelia pharmacy and cosmetics,2025-02-05 12:06:44+00:00,"AVOCADO OIL 2L
Price 6500 birr 
Telegram @Lobeliacosmetics
Msg­ЪЉЅ Lobelia pharmacy and cosmetics 
Рўј№ИЈ call 0911562031/0911587703
Adress:- Infront of Bole Medhanialem high school 
ALEMNESH PLAZA GROUND FLOOR 
Open Monday - Monday from 8am until midnight ріерѕ░ріъ - ріЦрѕхріе рѕ░ріъ┬а ріерїДрЅ▒ 2:00 рѕхрІЊрЅх - ріЦрѕхріе рѕЮрѕйрЅ▒ 6:00 рѕ░рІЊрЅх
­ЪЈЇ­ЪЈЇ­ЪЈЇ рІерЅхрѕФріЋрѕхрЇќрѕГрЅх ріарѕЏрѕФрїГ ріе70 - 500 рЅЦрѕГ
For delivery option fees are from 70 birr - 500 birr"
Lobelia pharmacy and cosmetics,2025-02-05 12:06:44+00:00,"NORDIC 119ML
Price 4500 birr 
Telegram @Lobeliacosmetics
Msg­ЪЉЅ Lobelia pharmacy and cosmetics 
Рўј№ИЈ call 0911562031/0911587703
Adress:- Infront of Bole Medhanialem high school ALEMNESH PLAZA GROUND FLOOR 
Open Monday - Monday from 8am until midnight ріерѕ░ріъ - ріЦрѕхріе рѕ░ріъ┬а ріерїДрЅ▒ 2:00 рѕхрІЊрЅх - ріЦрѕхріе рѕЮрѕйрЅ▒ 6:00 рѕ░рІЊрЅх
­ЪЈЇ­ЪЈЇ­ЪЈЇ рІерЅхрѕФріЋрѕхрЇќрѕГрЅх ріарѕЏрѕФрїГ ріе70 - 500 рЅЦрѕГ
For delivery option fees are from 70 birr - 500 birr"
Lobelia pharmacy and cosmetics,2025-02-05 12:06:44+00:00,"SMUCKER'S 
Price 1900 birr 
Telegram https://t.me/lobelia4cosmetics
Msg­ЪЉЅ Lobelia pharmacy and cosmetics 
Рўј№ИЈ call 0911562031/0911587703
Adress:- Infront of Bole Medhanialem high school 
Open Monday - Monday from 8am until midnight ріерѕ░ріъ - ріЦрѕхріе рѕ░ріъ┬а ріерїДрЅ▒ 2:00 рѕхрІЊрЅх - ріЦрѕхріе рѕЮрѕйрЅ▒ 6:00 рѕ░рІЊрЅх
­ЪЈЇ­ЪЈЇ­ЪЈЇ рІерЅхрѕФріЋрѕхрЇќрѕГрЅх ріарѕЏрѕФрїГ ріе70 - 200 рЅЦрѕГ
For delivery option fees are from 70 birr - 200 birr"
Lobelia pharmacy and cosmetics,2025-02-05 12:06:44+00:00,"S 26  No.2 900gm
Price 3200 birr 
Telegram https://t.me/lobelia4cosmetics
Msg­ЪЉЅ Lobelia pharmacy and cosmetics 
Рўј№ИЈ call 0911562031/0911587703
Adress:- Infront of Bole Medhanialem high school 
Open Monday - Monday from 8am until midnight ріерѕ░ріъ - ріЦрѕхріе рѕ░ріъ┬а ріерїДрЅ▒ 2:00 рѕхрІЊрЅх - ріЦрѕхріе рѕЮрѕйрЅ▒ 6:00 рѕ░рІЊрЅх
­ЪЈЇ­ЪЈЇ­ЪЈЇ рІерЅхрѕФріЋрѕхрЇќрѕГрЅх ріарѕЏрѕФрїГ ріе70 - 200 рЅЦрѕГ
For delivery option fees are from 70 birr - 200 birr"
Lobelia pharmacy and cosmetics,2025-02-05 12:06:43+00:00,"GLUCERNA 
Price 3300 birr 
Telegram https://t.me/lobelia4cosmetics
Msg­ЪЉЅ Lobelia pharmacy and cosmetics 
Рўј№ИЈ call 0911562031/0911587703
Adress:- Infront of Bole Medhanialem high school 
Open Monday - Monday from 8am until midnight ріерѕ░ріъ - ріЦрѕхріе рѕ░ріъ┬а ріерїДрЅ▒ 2:00 рѕхрІЊрЅх - ріЦрѕхріе рѕЮрѕйрЅ▒ 6:00 рѕ░рІЊрЅх
­ЪЈЇ­ЪЈЇ­ЪЈЇ рІерЅхрѕФріЋрѕхрЇќрѕГрЅх ріарѕЏрѕФрїГ ріе70 - 200 рЅЦрѕГ
For delivery option fees are from 70 birr - 200 birr"
Lobelia pharmacy and cosmetics,2025-02-05 12:06:43+00:00,"NIDO 1.8KG 
Price 4500 birr 
Telegram https://t.me/lobelia4cosmetics
Msg­ЪЉЅ Lobelia pharmacy and cosmetics 
Рўј№ИЈ call 0911562031/0911587703
Adress:- Infront of Bole Medhanialem high school 
Open Monday - Monday from 8am until midnight ріерѕ░ріъ - ріЦрѕхріе рѕ░ріъ┬а ріерїДрЅ▒ 2:00 рѕхрІЊрЅх - ріЦрѕхріе рѕЮрѕйрЅ▒ 6:00 рѕ░рІЊрЅх
­ЪЈЇ­ЪЈЇ­ЪЈЇ рІерЅхрѕФріЋрѕхрЇќрѕГрЅх ріарѕЏрѕФрїГ ріе70 - 200 рЅЦрѕГ
For delivery option fees are from 70 birr - 200 birr"
Lobelia pharmacy and cosmetics,2025-02-05 12:06:43+00:00,"EUCERIN ANTI PIGMENT CLEANSER 
Price 5300 birr 
Telegram @Lobeliacosmetics
Msg­ЪЉЅ Lobelia pharmacy and cosmetics 
Рўј№ИЈ call 0911562031/0911587703
Adress:- Infront of Bole Medhanialem high school 
ALEMNESH PLAZA GROUND FLOOR 
Open Monday - Monday from 8am until midnight ріерѕ░ріъ - ріЦрѕхріе рѕ░ріъ┬а ріерїДрЅ▒ 2:00 рѕхрІЊрЅх - ріЦрѕхріе рѕЮрѕйрЅ▒ 6:00 рѕ░рІЊрЅх
­ЪЈЇ­ЪЈЇ­ЪЈЇ рІерЅхрѕФріЋрѕхрЇќрѕГрЅх ріарѕЏрѕФрїГ ріе70 - 500 рЅЦрѕГ
For delivery option fees are from 70 birr - 500 birr"
Lobelia pharmacy and cosmetics,2025-02-05 12:06:43+00:00,"BATANA OIL 150ML
Price 4500 birr 
Telegram @Lobeliacosmetics
Msg­ЪЉЅ Lobelia pharmacy and cosmetics 
Рўј№ИЈ call 0911562031/0911587703
Adress:- Infront of Bole Medhanialem high school 
ALEMNESH PLAZA GROUND FLOOR 
Open Monday - Monday from 8am until midnight ріерѕ░ріъ - ріЦрѕхріе рѕ░ріъ┬а ріерїДрЅ▒ 2:00 рѕхрІЊрЅх - ріЦрѕхріе рѕЮрѕйрЅ▒ 6:00 рѕ░рІЊрЅх
­ЪЈЇ­ЪЈЇ­ЪЈЇ рІерЅхрѕФріЋрѕхрЇќрѕГрЅх ріарѕЏрѕФрїГ ріе70 - 500 рЅЦрѕГ
For delivery option fees are from 70 birr - 500 birr"
Lobelia pharmacy and cosmetics,2025-02-05 06:20:57+00:00,"NATURES BOUNTY HAIR, SKIN AND NAILS 220 GUMMIES 
Price 4000 birr 
Telegram @Lobeliacosmetics 
Msg­ЪЉЅ Lobelia pharmacy and cosmetics 
Рўј№ИЈ call 0911562031/0911587703
Adress:- Infront of Bole Medhanialem high school 
ALEMNESH PLAZA GROUND FLOOR 
Open Monday - Monday from 8am until midnight ріерѕ░ріъ - ріЦрѕхріе рѕ░ріъ┬а ріерїДрЅ▒ 2:00 рѕхрІЊрЅх - ріЦрѕхріе рѕЮрѕйрЅ▒ 6:00 рѕ░рІЊрЅх
­ЪЈЇ­ЪЈЇ­ЪЈЇ рІерЅхрѕФріЋрѕхрЇќрѕГрЅх ріарѕЏрѕФрїГ ріе70 - 500 рЅЦрѕГ
For delivery option fees are from 70 birr - 500 birr"
Lobelia pharmacy and cosmetics,2025-02-05 06:20:57+00:00,"KIRKLAND CHILDREN'S MULTIVITAMIN 250 GUMMIES 
Price 4000 birr 
Telegram @Lobeliacosmetics 
Msg­ЪЉЅ Lobelia pharmacy and cosmetics 
Рўј№ИЈ call 0911562031/0911587703
Adress:- Infront of Bole Medhanialem high school 
ALEMNESH PLAZA GROUND FLOOR 
Open Monday - Monday from 8am until midnight ріерѕ░ріъ - ріЦрѕхріе рѕ░ріъ┬а ріерїДрЅ▒ 2:00 рѕхрІЊрЅх - ріЦрѕхріе рѕЮрѕйрЅ▒ 6:00 рѕ░рІЊрЅх
­ЪЈЇ­ЪЈЇ­ЪЈЇ рІерЅхрѕФріЋрѕхрЇќрѕГрЅх ріарѕЏрѕФрїГ ріе70 - 500 рЅЦрѕГ
For delivery option fees are from 70 birr - 500 birr"
Lobelia pharmacy and cosmetics,2025-02-05 06:20:57+00:00,"Nutella 1kg
Price 2300 birr 
Telegram https://t.me/lobelia4cosmetics
Msg­ЪЉЅ Lobelia pharmacy and cosmetics 
Рўј№ИЈ call 0911562031/0911587703
Adress:- Infront of Bole Medhanialem high school 
Open Monday - Monday from 8am until midnight ріерѕ░ріъ - ріЦрѕхріе рѕ░ріъ┬а ріерїДрЅ▒ 2:00 рѕхрІЊрЅх - ріЦрѕхріе рѕЮрѕйрЅ▒ 6:00 рѕ░рІЊрЅх
­ЪЈЇ­ЪЈЇ­ЪЈЇ рІерЅхрѕФріЋрѕхрЇќрѕГрЅх ріарѕЏрѕФрїГ ріе70 - 200 рЅЦрѕГ
For delivery option fees are from 70 birr - 200 birr"
Lobelia pharmacy and cosmetics,2025-02-05 06:20:57+00:00,"FOLIC ACID 
Price 5000 birr 
Telegram https://t.me/lobelia4cosmetics
Msg­ЪЉЅ Lobelia pharmacy and cosmetics 
Рўј№ИЈ call 0911562031/0911587703
Adress:- Infront of Bole Medhanialem high school 
Open Monday - Monday from 8am until midnight ріерѕ░ріъ - ріЦрѕхріе рѕ░ріъ┬а ріерїДрЅ▒ 2:00 рѕхрІЊрЅх - ріЦрѕхріе рѕЮрѕйрЅ▒ 6:00 рѕ░рІЊрЅх
­ЪЈЇ­ЪЈЇ­ЪЈЇ рІерЅхрѕФріЋрѕхрЇќрѕГрЅх ріарѕЏрѕФрїГ ріе70 - 200 рЅЦрѕГ
For delivery option fees are from 70 birr - 200 birr"
Lobelia pharmacy and cosmetics,2025-02-05 06:20:57+00:00,"NATURES MADE VITAMIN D3 5000IU 200 GUMMIES 
Price 7000 birr 
Telegram @Lobeliacosmetics
Msg­ЪЉЅ Lobelia pharmacy and cosmetics 
Рўј№ИЈ call 0911562031/0911587703
Adress:- Infront of Bole Medhanialem high school ALEMNESH PLAZA GROUND FLOOR 
Open Monday - Monday from 8am until midnight ріерѕ░ріъ - ріЦрѕхріе рѕ░ріъ┬а ріерїДрЅ▒ 2:00 рѕхрІЊрЅх - ріЦрѕхріе рѕЮрѕйрЅ▒ 6:00 рѕ░рІЊрЅх
­ЪЈЇ­ЪЈЇ­ЪЈЇ рІерЅхрѕФріЋрѕхрЇќрѕГрЅх ріарѕЏрѕФрїГ ріе70 - 500 рЅЦрѕГ
For delivery option fees are from 70 birr - 500 birr"
Lobelia pharmacy and cosmetics,2025-02-05 06:20:57+00:00,"BATANA OIL 150ML
Price 4500 birr 
Telegram @Lobeliacosmetics
Msg­ЪЉЅ Lobelia pharmacy and cosmetics 
Рўј№ИЈ call 0911562031/0911587703
Adress:- Infront of Bole Medhanialem high school 
ALEMNESH PLAZA GROUND FLOOR 
Open Monday - Monday from 8am until midnight ріерѕ░ріъ - ріЦрѕхріе рѕ░ріъ┬а ріерїДрЅ▒ 2:00 рѕхрІЊрЅх - ріЦрѕхріе рѕЮрѕйрЅ▒ 6:00 рѕ░рІЊрЅх
­ЪЈЇ­ЪЈЇ­ЪЈЇ рІерЅхрѕФріЋрѕхрЇќрѕГрЅх ріарѕЏрѕФрїГ ріе70 - 500 рЅЦрѕГ
For delivery option fees are from 70 birr - 500 birr"
Lobelia pharmacy and cosmetics,2025-02-05 06:20:57+00:00,"ONE A DAY MEN 50+ 300 TABLETS 
Price 5700
Telegram @Lobeliacosmetics
Msg­ЪЉЅ Lobelia pharmacy and cosmetics 
Рўј№ИЈ call 0911562031/0911587703
Adress:- Infront of Bole Medhanialem high school 
Open Monday - Monday from 8am until midnight ріерѕ░ріъ - ріЦрѕхріе рѕ░ріъ┬а ріерїДрЅ▒ 2:00 рѕхрІЊрЅх - ріЦрѕхріе рѕЮрѕйрЅ▒ 6:00 рѕ░рІЊрЅх
­ЪЈЇ­ЪЈЇ­ЪЈЇ рІерЅхрѕФріЋрѕхрЇќрѕГрЅх ріарѕЏрѕФрїГ ріе70 - 200 рЅЦрѕГ
For delivery option fees are from 70 birr - 200 birr"
рІерїцріЊ рІѕрїЇ - рІерїцріЊ рѕўрѕерїЃ,2025-02-05 06:29:27+00:00,"­ЪњФрЅарІџрѕЁ ріЦрѕЂрІх рЅарЅ┤рѕїрїЇрѕФрѕЮ рЅђрїЦрЅ│ рѕхрѕГрїГрЅх ріарІ▓рѕх рІЇрІГрІГрЅх рІГрІўріЋ рЅђрѕГрЅаріЊрѕЇрЇб

рѕГрІЋрѕ▒рѕЮ: ­ЪњЦ **рІхрѕЁрѕе рІѕрѕірІх рІхрЅБрЅ┤**­ЪњЦ

­Ъц░­ЪЈй**рІерІхрѕЁрѕе рІѕрѕірІх рІхрЅБрЅ┤ ріерІѕрѕірІх рЅаріІрѕІ рЅаріЦріЊрЅХрЅй рѕІрІГ рІерѕџрІ░рѕГрѕх рІерѕхрѕюрЅх рѕўрЅЃрІѕрѕх ріљрІЇрЇб ріерІѕрѕірІх рЅаріІрѕІ рЅБрѕѕрІЇ рІерѕўрїђрѕўрѕфрІФ ріарѕўрЅх рІЇрѕхрїЦ рЅарѕЏріЋріЏрІЇрѕЮ рїірІю рѕіріерѕ░рЅх рІГрЅйрѕІрѕЇрЇб
**
­ЪЌБріЦріЋрїЇрІ│рЅйріЋ:
­ЪЉЅ **рІХ/рѕГ рЅЃрѕЇріфрІ│ріЋ рЅарЅђрѕѕ** ( рІеріарІЋрѕЮрѕ« рѕЁріГрѕЮріЊ рѕерІ│рЅх рЇЋрѕ«рЇїрѕ░рѕГ рЇБ рІеріарІЋрѕЮрѕГ рїцріЊ рѕѕрїцріЊ рЅБрѕѕрѕЎрІФрІјрЅй рЇЋрѕ«рїђріГрЅх ріарѕЏріФрѕф ріЦріЊ рІеріарІЋрѕЮрѕ« рѕЁріГрѕЮріЊ)

­ЪЌЊ**ріЦрѕЂрІх** **рІеріФрЅ▓рЅх 2, 2017**

РЈ░**ріерѕЮрѕйрЅ▒ 12 рѕ░рІЊрЅх (рЅарібрЅхрІ«рїхрІФ)**

РџА№ИЈрІЇрІГрІГрЅ▒ріЋ рѕѕрѕўрЅђрѕІрЅђрѕЇ ріЦрІџрѕЁ рІГрїФріЉ 
­ЪЉЄ­ЪЉЄ­ЪЉЄ­ЪЉЄ­ЪЉЄ­ЪЉЄ­ЪЉЄ­ЪЉЄ
https://t.me/yetenaweg?livestream

РџА№ИЈрІерІЇрІГрІГрЅх рЅ╗ріЊрѕІрЅйріЋріЋ рѕѕрѕўрЅђрѕІрЅђрѕЇ ріЦрІџрѕЁ рІГрїФріЉ: https://t.me/+dl4juoncBxMyODVh"
рІерїцріЊ рІѕрїЇ - рІерїцріЊ рѕўрѕерїЃ,2025-01-22 09:50:46+00:00,"­ЪјЌ** рїЦрѕГ рІерѕЏрѕЁрЇђріЋ рЅарѕГ рїФрЇЇ ріФріЋрѕ░рѕГ рІерїЇріЋрІЏрЅц рѕЏрѕхрїерЅарїФ рІѕрѕГ ріљрІЇ!** ­ЪњЎРюе

­ЪЕ║ рЅЂрѕЇрЇЇ рѕЏрѕ│рѕ░рЅбрІФрІјрЅйрЇА-

**­Ъћ╣ рЅарѕўрІ░рЅаріЏріљрЅх рІГрѕўрѕГрѕўрѕЕрЇА рІерЇЊрЇЋ рѕхрѕџрѕГ ріЦріЊ рІе HPV рѕЮрѕГрѕўрѕФрІјрЅй рЅђрІ░рѕЮ рЅЦрѕј рѕѕрѕўрѕѕрІерЅх ріарѕхрЇѕрѕІрїі ріЊрЅИрІЇрЇб
­Ъћ╣ рѕўріерЅ░рЅЦрЇА рІе HPV ріГрЅхрЅБрЅх рІерѕЏріЁрЇђріЋ рЅарѕГ ріФріЋрѕ░рѕГріЋ рѕѕрѕўріерѕІріерѕЇ рІѕрѕ│ріЮ ріљрІЇрЇб
­Ъћ╣ рѕЮрѕЇріГрЅХрЅ╣ріЋ рІГрІѕрЅЂрЇА- рІФрѕЇрЅ░рѕѕрѕўрІ░ рІерІ░рѕЮ рѕўрЇЇрѕ░рѕхрЇБ рЅарїЇріЋріЎріљрЅх рІѕрЅЁрЅх рѕЁрѕўрѕЮрЇБ рѕўрїЦрЇј рїарѕеріЋ рІФрѕѕрІЇ рЇѕрѕ│рѕйРђдрІѕрІўрЅ░**

­ЪњА рІерѕЏрѕЁрЇђріЋ рЅарѕГ рїФрЇЇ ріФріЋрѕ░рѕГ **рЅХрѕј ріерЅ░рїѕріў рѕіріерѕІріерѕЅрЅх ріерѕџрЅйрѕЅ ріЦріЊ рѕірЅ│ріерѕЎ ріерѕџрЅйрѕЅ ріФріЋрѕ░рѕ«рЅй ріаріЋрІ▒ ріљрІЇ**рЇб 

­ЪЏА **рІерѕЏрѕЁрЇђріЋ рЅарѕГ ріФріЋрѕ░рѕГріЋ рЅарѕўріерѕІріерѕЇ ріЦріЊ рЅђрІхрѕъ рЅарѕЏріерѕЮ рЅарѕйрЅ│рІЇріЋ рѕўрЅђріљрѕх рІГрЅ╗рѕІрѕЇ::**

РюЇ№ИЈ рѕхрѕѕ рІерѕЏрѕЁрЇђріЋ рЅарѕГ ріФріЋрѕ░рѕГріЋ рІерЅарѕѕрїа рѕѕрѕЏріЋрЅарЅЦ рІерѕџріерЅ░рѕѕрІЇріЋ рѕЏрѕхрЇѕріЋрїарѕфрІФ рІГрїФріЉ: [ріЦрІџрѕЁ рІГрїФріЉ](https://cutt.ly/se3YngvH)"
рІерїцріЊ рІѕрїЇ - рІерїцріЊ рѕўрѕерїЃ,2025-01-07 03:35:26+00:00,"**­ЪїЇ­Ъцћ рѕГріЦрІ░ рѕўрѕгрЅх рЅбріерѕ░рЅх рѕЮріЋ рѕЏрІхрѕерїЇ ріЦріЋрІ│рѕѕрЅЦрІјрЅх рІФрІЇрЅЃрѕЅ? **

**Рџа№ИЈрѕГріЦрІ░ рѕўрѕгрЅх рІФрѕѕрѕЮріЋрѕЮ рѕЏрѕхрїаріЋрЅђрЅѓрІФ  рѕіріерѕ░рЅх рІГрЅйрѕІрѕЇрЇБ рІГрѕЁрѕЮ рЅарѕЁрІГрІѕрЅх ріЦріЊ ріЋрЅЦрѕерЅх рѕІрІГ ріерЇЇрЅ░ріЏ рїЅрІ│рЅх рІФрѕхріерЅхрѕІрѕЇрЇб 

РюЁрІЮрїЇрїЂ рѕўрѕєріЋ  рІ░рѕЁріЋріљрЅхріЋ рѕѕрѕўрїарЅарЅЁ рІерѕўрїђрѕўрѕфрІФрІЇ ріЦрѕГрѕЮрїЃ ріљрІЇРђћріЦрѕФрѕхрІјріЋ рІГрїарЅЦрЅЂ рЇБ рІеріарІ░рїІ рїірІю ріЦрЅЁрІх рІГріЉрѕГрІјрЅхрЇБ рѕГріЦрІ░ рѕўрѕгрЅх рЅарѕџріерѕ░рЅхрЅарЅх рїірІю ріЦріЊ рЅаріІрѕІ рѕЮріЋ рѕЏрІхрѕерїЇ ріЦріЋрІ│рѕѕрЅдрЅх рІГрІѕрЅЂ:-**


­ЪЉЅ **рЅБрѕЅрЅарЅх рІЮрЅЁ рІГрЅарѕЅрЇБ рЅаріЦрїєрЅйрІј  ріЦріЊ рїЅрѕЇрЅарЅХрЅйрІј рІГрѕѓрІ▒**рЇб рІГрѕЁ ріаріФрѕёрІх рЅарѕџрІѕрІхрЅЂ ріљрїѕрѕ«рЅй ріЦріЊ рЇЇрѕГрѕхрѕФрѕЙрЅй ріерѕўрѕўрЅ│рЅх ріЦріЊ рѕўрІЇрІ░рЅЁ рІГріерѕІріерѕІрѕЇрЇБ рІѕрІ░ рІ░рѕЁріЋріљрЅх рѕ│рІГрїјрІ▒ ріЦріЋрІ▓рѕёрІ▒ рІФрѕхрЅйрѕІрѕЇ­Ъџе рЇб

­ЪЉЅ **рїГріЋрЅЁрѕІрЅхрІјріЋ ріЦріЊ ріаріЋрїѕрЅхрІјріЋ рЅаріЦрїЁрІј рІГрѕИрЇЇ**ріЉ рЇБ рїаріЋріФрѕФ рїарѕерї┤рІЏ рЅаріарЅЁрѕФрЅбрІФ ріФрѕѕ ріерѕ▒ рѕхрѕГ рѕѕрїЦрЅарЅЃ рЅарѕўрїЇрЅБрЅх рІГрїарѕѕрѕЅ ­ЪЏАрЇб

­ЪЉЅ рѕЮріЋрѕЮ рѕўрїарѕѕрІФ ріерѕїрѕѕрЇБ **ріерѕўрѕхрі«рЅХрЅй рІГрѕФрЅЂ**рЇБ рІѕрІ░ рІерЅцрЅ▒/рѕЁріЋрї╗ рІЇрѕхрїаріЏрІЇ рїЇрІхрїЇрІ│ рІГрѕѓрІ▒ ріЦріЊ ріЦрѕФрѕхрІјріЋ ріерѕџрІѕрІхрЅЂ ріљрїѕрѕ«рЅй рІѕрІГрѕЮ рЇЇрѕГрѕхрѕФрѕЙрЅй рѕѕрѕўріерѕІріерѕЇ **рїјріЋрЅарѕх рІГрЅарѕЅ** ­ЪЏАрЇб

**РЮЌ№ИЈрЅарїарѕерї┤рІЏ  рѕхрѕГ ріерЅ░рїарѕѕрѕЅ рЅарѕўріЋрЅђрїЦрЅђрїА рїірІю рѕіріЋрЅђрѕ│рЅђрѕх рѕхрѕѕрѕџрЅйрѕЅ ріарїЦрЅЦрЅђрІЇ рІГрІФрІЎрЅхрЇб
РЮЌ№ИЈрїГріЋрЅЁрѕІрЅхрІјріЋ ріЦріЊ ріаріЋрїѕрЅхрІјріЋ рЅаріЦрїЁрІј рІГрѕИрЇЇріЉ рЇБ рѕўрїарѕѕрІФ ріерѕїрѕѕ рѕўріЋрЅђрїЦрЅђрїА ріЦрѕхріфрЅєрѕЮ рІхрѕерѕх рЅарѕЂрѕѕрЅ▒рѕЮ ріЦрїєрЅйрІј рїГріЋрЅЁрѕІрЅхрІјріЋ ріЦріЊ ріаріЋрїѕрЅхрІјріЋ рЅарѕўрѕИрЇѕріЋ ріЦрѕФрѕхрІјріЋ рІГрїарЅЦрЅЂрЇб**

**­ЪїЇ­ЪЊ▒рЅарѕўрѕгрЅх рѕўріЋрЅђрїЦрЅђрїЦ рІѕрЅЁрЅх рІеріЦрѕГрѕхрІјріЋрѕЮ рѕєріљ рІерЅцрЅ░рѕ░рЅЦрІјріЋ рІ░рѕЁріЋріљрЅх рѕѕрѕўрїарЅарЅЁ  рІѕрЅЁрЅ│рІі рІерѕєріЉ рѕЏріЋрЅѓрІФрІјрЅйріЋрЇБ рѕўрѕўрѕфрІФрІјрЅйріЋ рѕѕрѕЏрїЇріўрЅх рІГрѕЁріЋ рѕўрЅ░рїЇрЅарѕфрІФ рІГрїарЅђрѕЎ**:-

­ЪЉЅ**IOS**[**:**](https://apps.apple.com/us/app/rilevatore-terremoto/id1449893235) ріЦрІџрѕЁ рІГрїФріЉ[ ](https://play.google.com/store/apps/details?id=com.finazzi.distquake)**
­ЪЉЅAndroid: **[ріЦрІџрѕЁ рІГрїФріЉ ](https://play.google.com/store/apps/details?id=com.finazzi.distquake)
**­ЪЉЅHuawei App Gallery**: [ріЦрІџрѕЁ рІГрїФріЉ](https://appgallery7.huawei.com/#/app/C101792515)"
рІерїцріЊ рІѕрїЇ - рІерїцріЊ рѕўрѕерїЃ,2024-12-16 07:08:46+00:00,"­ЪјЎРюе **рІерїцріЊ рІѕрїЇ рЅфрІ▓рІ« рЇќрІхріФрѕхрЅх** Рюе­ЪјЎ

­ЪцЮріе **EngenderHealth **ріЦріЊ ріе**Saint Paul Institute for Reproductive Health and Rights (SPIRHR)** рїІрѕГ рЅарѕўрЅ░рЅБрЅарѕГ:

                            **­ЪЉеРђЇ­ЪЉЕРђЇ­ЪЉДРђЇ­ЪЉдрІерЅцрЅ░рѕ░рЅЦ рѕЮрїБріћ­ЪЉеРђЇ­ЪЉЕРђЇ­ЪЉДРђЇ­ЪЉд**

­ЪїЪ рІЇрІГрІГрЅ▒ рІЇрѕхрїЦ рІерЅ░ріФрЅ░рЅ▒рЅх рѕГрІЋрѕХрЅйрЇА-

**­Ъцћ рІерЅцрЅ░рѕ░рЅЦ рѕЮрїБріћ рѕЏрѕѕрЅх рѕЮріЋ рѕЏрѕѕрЅх ріљрІЇрЇб
­Ъњі­Ъц▒ рІерЅ░рѕѕрІФрІЕ ріарІГріљрЅх рІеріЦрѕГрїЇрІЮріЊ рѕўріерѕІріерІФ рІўрІ┤рІјрЅй ріЦріЊ ріарїарЅЃрЅђрѕЏрЅИрІЇ
Рџќ№ИЈ рїЦрЅЁрѕърЅ╗рЅИрІЇрЇБ рїЅрІ│рЅХрЅ╗рЅИрІЇ ріЦріЊ рІЇрїцрЅ│рѕЏріљрЅ│рЅИрІЇ
­ЪњА­ЪњЉ рѕѕрЇЇрѕІрїјрЅхрІј рЅхріГріГрѕѕріЏрІЇріЋ рІеріЦрѕГрїЇрІЮріЊ рѕўріерѕІріерІФ рІўрІ┤ рѕўрѕЮрѕерїЦ
­Ъњг ріЦріЊ рѕїрѕјрЅй рЅ░рїерѕЏрѕф рІерѕўрІѕрІФрІФ** **ріљрїЦрЅдрЅй **

­ЪЉЅрІЇрІГрІГрЅ▒ріЋ рѕѕрѕўрѕўрѕЇріерЅх [ріЦрІџрѕЁ рІГрїФріЉ ](https://youtu.be/hdoMn7aXZKk)

**­ЪїЪрІерІЕрЅ▓рІЕрЅЦ рЅ╗ріЊрѕІрЅйріЋріЋ рѕ░рЅЦрѕхріГрѕФрІГрЅЦ рЅарѕЏрІхрѕерїЇ рЅарЅђрїБрІГ ріарІ▓рѕх рЇќрІхріФрѕхрЅХрЅйрЇБ рЅарїцріЊ ріЦріЊ рІ░рѕЁріЋріљрЅх рїЅрІ│рІ«рЅй рѕІрІГ ріерЅБрѕѕрѕЎрІФ рїІрѕГ рІФрІ░рѕеріЏрЅИрІЇ рІЇрІГрІГрЅХрЅйріЋ рѕЏрїЇріўрЅх рІГрЅйрѕІрѕЅрЇб ­ЪјЎ

­ЪЊ╣ YouTube: ****https://www.youtube.com/c/YeTenaWeg?sub_confirmation=1**

**­ЪЊ▒ ріарІ│рІ▓рѕх рѕўрѕерїЃрІјрЅйріЋ рѕѕрѕЏрїЇріўрЅх рЅарѕЏрѕЁрЅарѕФрІі рѕџрІ▓рІФрІјрЅ╗рЅйріЋ рѕІрІГ рІГріерЅ░рѕЅріЋ:

­ЪЊИ Instagram: ****https://instagram.com/yetena_weg?r=nametag****
­Ъљд Twitter: ****https://twitter.com/yetenaw?s=21&t=NyVsmz_NUwSnHTOXIw8vZw****
­ЪЊў Facebook: ****https://www.facebook.com/YeTenaw****
­ЪЊ╣ YouTube: ****https://www.youtube.com/c/YeTenaWeg?sub_confirmation=1****
­Ъїљ Website: ****https://yetenaweg.com/**** 
­Ъњ╝ LinkedIn: ****https://www.linkedin.com/company/yetena-weg/**"
рІерїцріЊ рІѕрїЇ - рІерїцріЊ рѕўрѕерїЃ,2024-12-13 06:49:28+00:00,"**­ЪјЎРюе рІерїцріЊ рІѕрїЇ рЅфрІ▓рІ« рЇќрІхріФрѕхрЅх Рюе­ЪјЎ**

рЅа **EngenderHealth **ріЦріЊ **Saint Paul Institute for Reproductive Health and Rights (SPIRHR) **рїІрѕГ рЅарѕўрЅ░рЅБрЅарѕГ:
       
**­ЪДњРъА№ИЈ­ЪДЉрїЅрѕГрѕЮрѕхріЊ­Ъћё** 

­ЪїЪ рІерЅ░ріФрЅ░рЅ▒рЅх рѕГрІЋрѕХрЅй:

**__­Ъћ╣ рЅарїЅрѕГрѕЮрѕхріЊ рІѕрЅЁрЅх рѕЮріЋ рѕѕрІЇрїдрЅй рІГріерѕ░рЅ│рѕЅ?
­Ъћ╣ ­ЪЉеРђЇ­ЪЉЕРђЇ­ЪЉДРђЇ­ЪЉд рІѕрѕІрїєрЅй рѕхрѕѕ-рѕхріљ рЅ░рІІрѕЇрІХ рїцріЋріљрЅх ріерѕЇрїєрЅ╗рЅИрІЇ рїІрѕГ рѕўрЅ╝ рѕўрІѕрІФрІерЅх ріарѕѕрЅБрЅИрІЇ?
­Ъћ╣ ­ЪДЉРђЇРџЋ№ИЈ рІѕрїБрЅХрЅй рЅарѕўрѕерїЃ рѕІрІГ рІерЅ░рѕўрѕ░рѕерЅ░ рѕЮрѕГрїФ рѕЏрІхрѕерїЇ рІерѕџрЅйрѕЅрЅх ріЦріЋрІ┤рЅх ріљрІЇ?
­Ъњг ріЦріЊ рѕїрѕјрЅй рЅ░рїерѕЏрѕф рІЇрІГрІГрЅХрЅй!__**

­ЪЉЅрІЇрІГрІГрЅ▒ріЋ рѕѕрѕўрѕўрѕЇріерЅх [ріЦрІџрѕЁ рІГрїФріЉ ](https://youtu.be/GCthKAXhQ2o)

**­ЪїЪрІерІЕрЅ▓рІЕрЅЦ рЅ╗ріЊрѕІрЅйріЋріЋ рѕ░рЅЦрѕхріГрѕФрІГрЅЦ рЅарѕЏрІхрѕерїЇ рЅарЅђрїБрІГ ріарІ▓рѕх рЇќрІхріФрѕхрЅХрЅйрЇБ рЅарїцріЊ ріЦріЊ рІ░рѕЁріЋріљрЅх рїЅрІ│рІ«рЅй рѕІрІГ ріерЅБрѕѕрѕЎрІФ рїІрѕГ рІФрІ░рѕеріЏрЅИрІЇ рІЇрІГрІГрЅХрЅйріЋ рѕЏрїЇріўрЅх рІГрЅйрѕІрѕЅрЇб ­ЪјЎ

­ЪЊ╣ YouTube: ****https://www.youtube.com/c/YeTenaWeg?sub_confirmation=1**

**­ЪЊ▒ ріарІ│рІ▓рѕх рѕўрѕерїЃрІјрЅйріЋ рѕѕрѕЏрїЇріўрЅх рЅарѕЏрѕЁрЅарѕФрІі рѕџрІ▓рІФрІјрЅ╗рЅйріЋ рѕІрІГ рІГріерЅ░рѕЅріЋ:

­ЪЊИ Instagram: ****https://instagram.com/yetena_weg?r=nametag****
­Ъљд Twitter: ****https://twitter.com/yetenaw?s=21&t=NyVsmz_NUwSnHTOXIw8vZw****
­ЪЊў Facebook: ****https://www.facebook.com/YeTenaw****
­ЪЊ╣ YouTube: ****https://www.youtube.com/c/YeTenaWeg?sub_confirmation=1****
­Ъїљ Website: ****https://yetenaweg.com/**** 
­Ъњ╝ LinkedIn: ****https://www.linkedin.com/company/yetena-weg/**"
рІерїцріЊ рІѕрїЇ - рІерїцріЊ рѕўрѕерїЃ,2024-12-12 03:02:57+00:00,"**­ЪјЎРюе рІерїцріЊ рІѕрїЇ рЅфрІ▓рІ« рЇќрІхріФрѕхрЅх Рюе­ЪјЎ**

**­ЪцЮріе EngenderHealth ріЦріЊ ріеSaint Paul Institute for Reproductive Health and Rights (SPIRHR) рїІрѕГ рЅарѕўрЅ░рЅБрЅарѕГ:**
**
                     ­Ъц░­ЪЈЙ рІерІхрѕЁрѕе рІѕрѕірІх рїцріЊ ­Ъц▒­ЪЈЙ**

__­ЪДЇ­ЪЈйРђЇРЎђ№ИЈ ріерІѕрѕірІх рЅаріІрѕІ рІерѕџріерѕ░рЅ▒ рЅЂрѕЇрЇЇ рІЇрѕхрїБрІі ріЦріЊ рІЇрїфрІФрІі ріаріФрѕІрІі рѕѕрІЇрїдрЅй
РЮЌ№ИЈріерІѕрѕірІх рЅаріІрѕІ рѕірѕўрїА рІерѕџрЅйрѕЅ  рЅйрїЇрѕ«рЅй рѕЮрѕЇріГрЅХрЅй
­Ъњі рІеріЦрѕГрїЇрІЮріЊ рѕўріерѕІріерІФ ріарѕЏрѕФрї«рЅй
­ЪЇј ріарѕўрїІрїѕрЅЦ ріЦріЊ рІеріарѕўрїІрїѕрЅЦ рѕхрѕГріарЅх
­ЪЈЃРђЇРЎђ№ИЈ рІеріаріФрѕЇ рЅЦрЅЃрЅх ріЦріЋрЅЁрѕхрЅЃрѕ┤__

­ЪЉЅ**рІЇрІГрІГрЅ▒ріЋ рѕѕрѕўрѕўрѕЇріерЅх **[**ріЦрІџрѕЁ рІГрїФріЉ **](https://youtu.be/uGctUFrOV38)
**
­ЪїЪрІерІЕрЅ▓рІЕрЅЦ рЅ╗ріЊрѕІрЅйріЋріЋ рѕ░рЅЦрѕхріГрѕФрІГрЅЦ рЅарѕЏрІхрѕерїЇ рЅарЅђрїБрІГ ріарІ▓рѕх рЇќрІхріФрѕхрЅХрЅйрЇБ рЅарїцріЊ ріЦріЊ рІ░рѕЁріЋріљрЅх рїЅрІ│рІ«рЅй рѕІрІГ ріерЅБрѕѕрѕЎрІФ рїІрѕГ рІФрІ░рѕеріЏрЅИрІЇ рІЇрІГрІГрЅХрЅйріЋ рѕЏрїЇріўрЅх рІГрЅйрѕІрѕЅрЇб ­ЪјЎ

­ЪЊ╣ YouTube: ****https://www.youtube.com/c/YeTenaWeg?sub_confirmation=1****
**
**­ЪЊ▒ ріарІ│рІ▓рѕх рѕўрѕерїЃрІјрЅйріЋ рѕѕрѕЏрїЇріўрЅх рЅарѕЏрѕЁрЅарѕФрІі рѕџрІ▓рІФ рѕўрѕѕрІФрІјрЅ╗ріЋ  рІГріерЅ░рѕЅріЋ:

­ЪЊИ Instagram: ****https://instagram.com/yetena_weg?r=nametag****
­Ъљд X(Twitter): ****https://twitter.com/yetenaw?s=21&t=NyVsmz_NUwSnHTOXIw8vZw****
­ЪЊў Facebook: ****https://www.facebook.com/YeTenaw****
­Ъїљ Website: ****https://yetenaweg.com/**"
рІерїцріЊ рІѕрїЇ - рІерїцріЊ рѕўрѕерїЃ,2024-12-11 15:11:40+00:00,"рІеріЕрѕІрѕірЅх рѕѕрїІрѕй рѕўрѕєріЋрЇд рѕЏрІѕрЅЁ рІФрѕѕрЅЦріЋ ріљрїѕрѕ«рЅйрЇб

рЅарібрЅхрІ«рїхрІФ рІеріЕрѕІрѕірЅх рѕЁрѕўрѕЮ┬а ріерЇЇрЅ░ріЏ рІерїцріЊ рЅ░рїЇрІ│рѕ«рЅх рѕ▓рѕєріЋ рЅЦрІЎ рїЇрѕѕрѕ░рЅдрЅйріЋ рІФрїарЅЃрѕЇрЇб рЅарЅ░рїерѕЏрѕфрѕЮ рІерїцріЊ рѕхрѕГрІЊрЅ▒ рѕІрІГ ріерЅБрІх рѕИріГрѕЮ ріЦрІерЇѕрїарѕе ріљрІЇрЇб рЅарѕўрїерѕерѕ╗ рІ░рѕерїЃ рІеріЕрѕІрѕірЅх рЅарѕйрЅ│ рѕѕрѕџрѕ░рЅЃрІЕ рІеріЕрѕІрѕірЅх ріЋрЅЁрѕѕ-рЅ░ріерѕІ┬а рЅарїБрѕЮ рІЇрїцрЅ│рѕЏ рІерѕЋріГрѕЮріЊ ріарѕЏрѕФрїГ ріљрІЇрЇб рІеріЕрѕІрѕірЅх ріЦрїЦрЅарЅх рІеріЕрѕІрѕірЅхріЋ рЅ░рїЇрЅБрѕФрЅх рЅарѕўрЇѕрїИрѕЮ рѕЁрІГрІѕрЅхріЋ рѕЏрЅєрІерЅх рЅбрЅйрѕЇрѕЮ ріЦріЋрІ░ріЕрѕІрѕірЅх ріЋрЅЁрѕѕ рЅ░ріерѕІ рїЦрѕЕ ріЉрѕ« рІѕрІГрѕЮ рѕерїЁрѕЮ рІерѕЁрІГрІѕрЅх рІўрѕўріЋ ріарІГрѕ░рїЦрѕЮрЇб рІеріЕрѕІрѕірЅх ріЦрїЦрЅарЅх ┬арЅЦрІЎ рїірІю рѕєрѕхрЇњрЅ│рѕЇ рѕўрѕўрѕІрѕѕрѕхріЋ рѕхрѕѕрѕџрѕхріерѕхрЅх рѕѕрЅ│ріФрѕџрІјрЅй ріаріФрѕІрІі ріЦріЊ рѕхрѕюрЅ│рІі рїЅрІ│рЅх рІФрѕўрїБрѕЇрЇб рЅаріаріЋрЇЃрѕЕ рІерЅ░рѕ│ріФ рІеріЕрѕІрѕірЅх ріЋрЅЁрѕѕ рЅ░ріерѕІ рІеріЕрѕІрѕірЅх рѕўрІ░рЅаріЏ рѕхрѕФріЋ рІѕрІ░ріљрЅарѕерЅарЅх ріЦріЋрІ▓рѕўрѕѕрѕх рЅарѕЏрІхрѕерїЇ рЅ│ріФрѕџрІјрЅй рїцріЊрѕЏ ріЦріЊ рїЦрѕЕ рѕЁрІГрІѕрЅх ріЦріЋрІ▓рѕўрѕЕ рІФрѕхрЅйрѕІрЅИрІІрѕЇрЇб
рЅарѕЁрІГрІѕрЅх ріЦрІФрѕЅ ріЕрѕІрѕірЅх рѕўрѕѕрїѕрѕх рІерЅ░рЅђрЅБрІЕріЋ рѕЁрІГрІѕрЅх рЅаріЦрїЁрїЅ ріерѕЏрѕ╗рѕ╗рѕЇ рЅарЅ░рїерѕЏрѕф рѕЁрІГрІѕрЅ▒ріЋ рІФрІхріЉрЅ│рѕЇ рЇб рІГрѕЁ рїйрѕЂрЇЇ рІеріЕрѕІрѕірЅх рѕѕрїІрѕй рІерѕўрѕєріЋ рѕѓрІ░рЅхріЋ ріерѕўрїђрѕўрѕфрІФ рѕЮрѕГрѕўрѕФ рїђрѕЮрѕ« ріЦрѕхріе рІхрѕЁрѕе рѕЇрїѕрѕ│ рІхрѕерѕх рѕѕрѕЏрЅЦрѕФрѕФрЅх рІФрѕѕрѕў ріљрІЇрЇб рІГрѕЁріЋріЋ┬а рЅарѕЏрЅЁрѕерЅЦрЇБ рЅЦрІЎ рїЇрѕѕрѕ░рЅдрЅй рЅарѕЁрІГрІѕрЅх ріЦрІФрѕЅ рІеріЕрѕІрѕірЅх рѕѕрїІрѕЙрЅй рЅарѕўрѕєріЋ рѕірІФрѕўрїА рІерѕџрЅйрѕЅрЅхріЋ ріерЇЇрЅ░ріЏ рЅ░рїйрІЋріќ ріЦріЋрІ▓рІФрѕхрЅА рІФрЅарѕерЅ│рЅ│рѕЇ

Robel Habtamu Ababiya M.D, General Practitioner, Lecturer

https://yetenaweg.com/%e1%8b%a8%e1%8a%a9%e1%88%8b%e1%88%8a%e1%89%b5-%e1%88%88%e1%8c%8b%e1%88%bd-%e1%88%98%e1%88%86%e1%8a%95%e1%8d%a6-%e1%88%9b%e1%8b%88%e1%89%85-%e1%8b%ab%e1%88%88%e1%89%a5%e1%8a%95-%e1%8a%90%e1%8c%88/"
рІерїцріЊ рІѕрїЇ - рІерїцріЊ рѕўрѕерїЃ,2024-12-10 09:39:23+00:00,"­ЪЉЕ**рІерѕ┤рЅХрЅй рѕўрЅЦрЅх рѕ░рЅаріарІі рѕўрЅЦрЅХрЅй ріЊрЅИрІЇ!!!**

­ЪЊБ**рЅарїЙрЅ│ рѕІрІГ рІерЅ░рѕўрѕ░рѕерЅ░ рїЦрЅЃрЅх ріЦріЋрІ▓рЅєрѕЮ рІЮрѕЮрЅ│рІЇріЋ рѕўрѕхрЅарѕГ**­ЪЊБ


Рё╣№ИЈрЅарЇєрЅ│ рѕІрІГ рІерЅ░рѕўрѕ░рѕерЅ░ рїЦрЅЃрЅх рѕЏрѕЁрЅарѕФрІі рїЅрІ│рІГ рЅЦрЅ╗ ріарІГрІ░рѕѕрѕЮ - ріаріФрѕІрІірЇБ ­ЪДа ріаріЦрѕЮрѕ»рІі ріЦріЊ рѕхрѕюрЅ│рІі рІ░рѕЁріЋріљрЅхріЋ рІерѕџрїјрІ│ ріерЅБрІх рІерѕЁрЅЦрѕерЅ░рѕ░рЅЦ рїцріЊ рѕхрїІрЅх ріљрІЇрЇб

**­ЪЈЦ рЇєрЅ│ріЋ рѕўрѕ░рѕерЅх рІФрІ░рѕерїЅ рїЦрЅЃрЅХрЅй рІерІ░рѕерѕ░рЅБрЅИрІЇ рѕ░рІјрЅй рѕЂрѕЅріЋ ріарЅђрЇЇ ріЦріЋріГрЅЦріФрЅцріЋ рЅаріаріЋрІх рЅдрЅ│ рѕЏрїЇріўрЅх рІГрЅйрѕІрѕЅрЇб**

**рІеріаріЋрІх рѕўрѕхрі«рЅх ріарїѕрѕЇрїЇрѕјрЅхРђћ

   РюЁ рІерѕЁріГрѕЮріЊ рІхрїІрЇЇ ­ЪЕ║
   РюЁ рІерѕхріљ-рѕЇрЅдріЊ рѕЮріГрѕГ ­Ъњг
   РюЁ рІерѕЁрїЇ рІхрїІрЇЇ Рџќ№ИЈ
   РюЁ ріЦріЊ рѕїрѕјрЅй ріарїѕрѕЇрїЇрѕјрЅХрЅй рЅаріаріЋрІх рѕІрІГ рІерѕџрїѕріЮрЅарЅх рЅдрЅ│ ріљрІЇрЇб**

Рџю№ИЈ**рЅарЇєрЅ│ рѕІрІГ рІерЅ░рѕўрѕ░рѕерЅ░ рїЦрЅЃрЅх рѕўрІўрІърЅй рѕЮріЋ рѕЮріЋ ріЊрЅИрІЇ?**

Рџю№ИЈ**рЅарібрЅхрІ«рїхрІФ рІЇрѕхрїЦ рїЙрЅ│ріЋ рѕўрѕ░рѕерЅх рІФрІ░рѕерїЅ рїЦрЅЃрЅХрЅйріЋ рѕѕрѕЏрѕхрЅєрѕЮ рѕЮріЋ ріЦріЊрѕГрїЇ?**

­Ъћ▒**ріЦріљрІџрѕЁріЋ ріЦріЊ рѕїрѕјрЅй рїЦрІФрЅёрІјрЅйріЋ рѕўрѕЇрѕх рѕѕрѕЏрїЇріўрЅх ­ЪЉЅ­ЪЈЙ**[ріЦрІџрѕЁ рІГрїФріЉрЇб](https://yetenaweg.com/%E1%8C%BE%E1%89%B3%E1%8A%95-%E1%88%98%E1%88%B0%E1%88%A8%E1%89%B5-%E1%8B%AB%E1%8B%B0%E1%88%A8%E1%8C%89-%E1%8C%A5%E1%89%83%E1%89%B6%E1%89%BD%E1%8A%95-%E1%88%88%E1%88%9B%E1%88%B5%E1%89%86%E1%88%9D/)
[
](https://t.me/yetenaweg)­Ъћ▒**рІерЅ┤рѕїрїЇрѕФрѕЮ рЅ╗ріЊрѕІрЅйріЋріЋ рѕѕрѕўрЅђрѕІрЅђрѕЇ ­ЪЉЅ­ЪЈЙ **[ріЦрІџрѕЁ рІГрїФріЉрЇб](https://t.me/yetenaweg)"
рІерїцріЊ рІѕрїЇ - рІерїцріЊ рѕўрѕерїЃ,2024-12-08 08:17:20+00:00,"**­ЪјЎРюе рІерїцріЊ рІѕрїЇ рЅфрІ▓рІ« рЇќрІхріФрѕхрЅх Рюе­ЪјЎ**

рЅа **EngenderHealth **ріЦріЊ **Saint Paul Institute for Reproductive Health and Rights (SPIRHR) **рїІрѕГ рЅарѕўрЅ░рЅБрЅарѕГ:
       
      **­ЪДњРъА№ИЈ­ЪДЉрїЅрѕГрѕЮрѕхріЊ­Ъћё** 

­ЪїЪ рІерЅ░ріФрЅ░рЅ▒рЅх рѕГрІЋрѕХрЅй:

**­Ъћ╣ рЅарїЅрѕГрѕЮрѕхріЊ рІѕрЅЁрЅх рѕЮріЋ рѕѕрІЇрїдрЅй рІГріерѕ░рЅ│рѕЅ?
­Ъћ╣ ­ЪЉеРђЇ­ЪЉЕРђЇ­ЪЉДРђЇ­ЪЉд рІѕрѕІрїєрЅй рѕхрѕѕ-рѕхріљ рЅ░рІІрѕЇрІХ рїцріЋріљрЅх ріерѕЇрїєрЅ╗рЅИрІЇ рїІрѕГ рѕўрЅ╝ рѕўрІѕрІФрІерЅх ріарѕѕрЅБрЅИрІЇ?
­Ъћ╣ ­ЪДЉРђЇРџЋ№ИЈ рІѕрїБрЅХрЅй рЅарѕўрѕерїЃ рѕІрІГ рІерЅ░рѕўрѕ░рѕерЅ░ рѕЮрѕГрїФ рѕЏрІхрѕерїЇ рІерѕџрЅйрѕЅрЅх ріЦріЋрІ┤рЅх ріљрІЇ?
­Ъњг ріЦріЊ рѕїрѕјрЅй рЅ░рїерѕЏрѕф рІЇрІГрІГрЅХрЅй!**

       ­ЪЊЁ рЅарЅЁрѕГрЅЦ рЅђріЋ рІГрїарЅЦрЅЂріЋ! РЈ│"
рІерїцріЊ рІѕрїЇ - рІерїцріЊ рѕўрѕерїЃ,2024-12-07 13:42:13+00:00,"­ЪјЎРюе **рІерїцріЊ рІѕрїЇ рЅфрІ▓рІ« рЇќрІхріФрѕхрЅх** Рюе­ЪјЎ

­ЪцЮріе E**ngenderHealth** ріЦріЊ ріе**Saint Paul Institute for Reproductive Health and Rights (SPIRHR)** рїІрѕГ рЅарѕўрЅ░рЅБрЅарѕГ:

       ­Ъц░­ЪЈЙ **рІерІхрѕЁрѕе рІѕрѕірІх рїцріЊ** ­Ъц▒­ЪЈЙ

­ЪїЪ рІЇрІГрІГрЅ▒ рІЇрѕхрїЦ рІерЅ░ріФрЅ░рЅ▒рЅх рѕГрІЋрѕХрЅйрЇА-

**­ЪДЇ­ЪЈйРђЇРЎђ№ИЈ рЅЂрѕЇрЇЇ рІЇрѕхрїБрІі ріЦріЊ рІЇрїфрІФрІі** **ріаріФрѕІрІі рѕѕрІЇрїдрЅй
­ЪЇј ріарѕўрїІрїѕрЅЦ ріЦріЊ рІеріарѕўрїІрїѕрЅЦ рѕхрѕГріарЅх
­ЪЈЃРђЇРЎђ№ИЈ рІеріаріФрѕЇ рЅЦрЅЃрЅх ріЦріЋрЅЁрѕхрЅЃрѕ┤
­Ъњі рІеріЦрѕГрїЇрІЮріЊ рѕўріерѕІріерІФ ріарѕЏрѕФрї«рЅй
­Ъњг ріЦріЊ рѕїрѕјрЅй рЅ░рїерѕЏрѕф рІерѕўрІѕрІФрІФ ріљрїЦрЅдрЅй**
      
     ­ЪЊЁ рЅарЅЁрѕГрЅЦ рЅђріЋ рІГрїарЅЦрЅЂріЋ! РЈ│"
рІерїцріЊ рІѕрїЇ - рІерїцріЊ рѕўрѕерїЃ,2024-12-03 10:26:03+00:00,"РюЇ рІеріарѕѕрѕЮ ріарЅђрЇЇ рІеріаріФрѕЇ рїЅрІ│рЅ░ріърЅй┬а рЅђріЋ рЅарІеріарѕўрЅ▒ December 3 рІГріерЅарѕФрѕЇрЇб

РюЇРюЇрІўріЋрІхрѕ«рѕЮ ''рІеріаріФрѕЇ рїЅрІ│рЅ░ріърЅйріЋ рІерѕўрѕфріљрЅх рѕџріЊ рЅарѕЏрїЅрѕІрЅх ріаріФрЅ│рЅйріЊ рІўрѕІрЅѓ рѕЇрѕЏрЅхріЋ ріЦріЊрѕерїІрїЇрїЦ!'' рЅарѕџрѕЇ рѕўрѕф рЅЃрѕЇ ріЦрІерЅ░ріерЅарѕе рІГрїѕріЏрѕЇрЇб

­ЪЉЅ ріаріФрѕЇ рїЅрІ│рЅх рѕЏрѕѕрЅх рІеріаріЦрѕЮрѕ«рЇБ рІерѕхрѕюрЅх рѕЁрІІрѕ│рЅх ріЦріЊ рІеріаріФрѕЇ рѕўрїјрІ│рЅх рѕ▓рѕєріЋ рїЇрѕѕрѕарЅАріЋ рЅарѕЏрѕЁрЅарѕерѕ░рЅА рІЇрѕхрїЦ ріЦріЕрѕЇ рЅ░рѕ│рЅхрЇј ріЦріЋрІ│рІФрІ░рѕГрїЇ рІерѕџрїѕрІхрЅЦ рѕЂріћрЅ│ ріљрІЇрЇАрЇА

­ЪЉЅ ріаріФрѕЇ рїЅрІ│рЅ░ріЮріљрЅх рѕЏрѕѕрЅх рЅарЅ░рЇѕрїЦрѕ« рІѕрІГрѕЮ рЅарѕ░рІЇ рѕ░рѕФрѕй рѕЮріГріЋрІФрЅХрЅй рѕЏрІерЅх рЇБрѕўріЊрїѕрѕГ рѕўрѕхрѕЏрЅх рІерѕЏрІГрЅйрѕЇ рІѕрІГрѕЮ рЅаріЦрїЇрѕЕ рѕІрІГ рІѕрІГрѕЮ рЅаріаріЦрѕЮрѕ« рІЮрїЇрѕўрЅх рІерѕџрѕ░рЅЃрІГ рѕ░рІЇ ріљрІЇрЇб

­ЪњЦ┬а ріаріФрѕЇ рїЅрІ│рЅ░ріърЅйріЋ рѕЏріФрЅ░рЅхріЋ рЅарѕџрѕўрѕѕріерЅ▒ рІѕрѕ│ріЮ рїЅрІ│рІ«рЅй рѕІрІГ рІхрїІрЇЇріЋ рѕЏрѕ░рЅБрѕ░рЅЦрЇБ рѕхрѕѕ ріаріФрѕЇ рїЅрІ│рЅ░ріърЅй рїЇріЋрІЏрЅц рІерѕЏрѕ│рІ░рїЇ рѕхрѕФріЋ рѕЏрЅарѕерЅ│рЅ│рЅх ріЦріЋрІ▓рѕЂрѕЮ рЅхріЕрѕерЅхріЋ рІѕрІ░ рѕЂрѕЅріЋ ріарЅђрЇЇ ріЦріЊ рЅ░рІ░рѕФрѕй рѕЏрѕЁрЅарѕерѕ░рЅЦ рїЦрЅЁрѕърЅй рѕЏрІ│рѕерѕх ріарѕхрЇѕрѕІрїі ріљрІЇрЇб"
ETHIO-AMERICAN MEDICAL TRAININGS( CPD ) & HEALTH CONSULTANCY CENTER,2025-02-04 09:11:41+00:00,"#**Adult_ECHO_Training****@****#ADISS_ABABA_By_Cardiologist_for_Physicians** 
 We_have_Only_few_trainee_Position
­ЪЉЅLecture will start on February 10
­ЪЉЅрІеріФрЅ▓рЅх 3 рІГрїђрѕЮрѕФрѕЇ!
#Hands_on training !
#Register_Soon_And_Get_Certified !!
­ЪЊъ0965412222 Dr.Shalom
­ЪЊъ0941404444

#Hosted_By: Ethio-American Medical Training Center
T.me/eahci"
ETHIO-AMERICAN MEDICAL TRAININGS( CPD ) & HEALTH CONSULTANCY CENTER,2025-02-03 09:34:16+00:00,"┬а#­ЪњЦCPD_ріарѕЂріЋ_рІГрѕўрІЮрїѕрЅА #рІерѕърІФ_рЇѕрЅЃрІх_рѕѕрѕЏрѕ│рІ░рѕх_CPD_рІГрѕўрІЮрїѕрЅА
#Title=Antimicrobial Drug Resistance Prevention Training 
­ЪћХ15CEU
­ЪЉЅ ріе рїЦрѕГ 28 рїђрѕЮрѕ« рІГрѕ░рїБрѕЇ!
**рѕѕрѕЂрѕЅрѕЮ рїцріЊ рЅБрѕѕрѕърІФрІјрЅй рЅарѕЂрѕЅрѕЮ ріГрѕЇрѕјрЅйріЊ ріерЅ░рѕърЅй рѕІрѕІрЅйрѕЂрЇб**
--------------------------------------------
­ЪЊ▒0965410000(Ekram)
­ЪЊ▒0965412222(Dr. Shalom)
­ЪЊ▒0941404444(Daye)
­ЪЊ▒0942404444(Tenbit)
­ЪЊ▒0968670067(Selam)
­ЪЊ│0462124400
┬аEthio-American CPD center & Health Consultancy.
­ЪЈЃWe Are Committed To Excellence In Medical Trainings РЮЌ
For more info join our telegram channel┬а┬а┬а┬а┬а┬а┬а┬а┬а┬а┬а┬а┬а┬а┬а t.me/eahci"
ETHIO-AMERICAN MEDICAL TRAININGS( CPD ) & HEALTH CONSULTANCY CENTER,2025-02-01 07:37:50+00:00,"#рІерїЇрѕГрІЏрЅх_рѕхрѕЇрїаріЊ_Addis_Ababa 
#Circumcision_Skill_Training_@ADISSABABA (Adult & Neonates with Ring ) ┬арЅарЅђрѕѕрЅарЅхріЊ рІФрѕѕрЅђрѕѕрЅарЅх РъЦ┬а ┬аріе рІеріФрЅ▓рЅх 2 рїђрѕЮрѕ« рІГрѕ░рїБрѕЇрЇб (15CEU CPD & Skill)
­ЪћХ­ЪћХ­ЪћХ­ЪћХ­ЪћХ­ЪћХ­ЪћХ­ЪћХ­ЪћХ­ЪћХ
­ЪЉЅріарІўрїІрїЁ-Ethio-American┬а Health Consultancy & CPD Center.
­ЪЉЅрѕ░рѕЇрїБріърЅй-GP,HO,Nurse,Midwife

┬а ­ЪЊъ0965412222 Dr shalom
  ­ЪЊъDaye 0941404444
┬а ­ЪЊъEkram(A.A) 0965410000
 ­ЪЊъSelam(A.A) 0968670067
┬а┬а­ЪЊъTinbit(A.A)┬а0942404444
┬а┬а­ЪЊъOffice┬а0941404444

­ЪЉЅрѕЏрѕхрЅ│рІѕрѕ╗ :-GP,HO,Nurse,Midwif рЅЂрїЦрѕГ 12 рЅЦрЅ╗ рѕўрѕєріЉріЋ ріЦрІерїѕрѕѕрЇЁріЋ рЅђрІхрѕўрІЇ┬а рІерЅ░рѕўрІўрїѕрЅА рЅЦрЅ╗ рІерѕџрѕхрЅ░ріЊрїѕрІ▒ рѕўрѕєріЉріЋ ріЦріЊрѕ│рІЇрЅЃрѕѕріЋрЇб
­ЪЉЅCircumcision is our Patented & Accredited Course !
:-t.me/eahci"
ETHIO-AMERICAN MEDICAL TRAININGS( CPD ) & HEALTH CONSULTANCY CENTER,2025-02-01 07:18:21+00:00,"#OBGYN_Ultrasound_Training@Hawassa!
**#ріљрїѕ**_**рІГрїђрѕЮрѕФрѕЇ****(рїЦрѕГ_25**)
---------------------------------------------

РюћріарІўрїІрїЁ-Ethio-American CPD center in collaboration with selected hospitals .
­ЪњЦPlace of Trainings-Selected Hospitals 

Call & Register now
┬а┬а Рўј№ИЈ0941404444 Daye
┬а ┬аРўј№ИЈ0965412222 Dr.Shalom
┬а┬а Рўј№ИЈ0942404444 Tenbit
┬а┬а Рўј№ИЈ0968670067┬а Selam
┬а┬а Рўј№ИЈ0965410000┬а Ekram(A.A)
┬а
#N.B_We only have a few spots left!! #OB_Ultrasound_Is_Our_Accredited_Course 
­ЪЈЃFor more info .follow us on telegram :-
t.me/eahci"
ETHIO-AMERICAN MEDICAL TRAININGS( CPD ) & HEALTH CONSULTANCY CENTER,2025-01-31 13:45:58+00:00,"#**Adult_ECHO_Training****@****#ADISS_ABABA_By_Cardiologist_for_Physicians**** 
** We_have_Only_few_trainee_Position
­ЪЉЅLecture will start on February 3
­ЪЉЅрїЦрѕГ 26 рІГрїђрѕЮрѕФрѕЇ!
#Hands_on training !
#Register_Soon_And_Get_Certified !!
­ЪЊъ0965412222 Dr.Shalom
­ЪЊъ0941404444

#Hosted_By: Ethio-American Medical Training Center
T.me/eahci"
ETHIO-AMERICAN MEDICAL TRAININGS( CPD ) & HEALTH CONSULTANCY CENTER,2025-01-31 12:31:56+00:00,"#OBGYN_Ultrasound_Training@HOSSANA!
#рІеріФрЅ▓рЅх 2 рІГрїђрѕЮрѕФрѕЇ!
---------------------------------------------

РюћріарІўрїІрїЁ-Ethio-American CPD center in collaboration with selected hospitals .
­ЪњЦPlace of Trainings-Selected Hospitals 

Call & Register now
┬а┬а Рўј№ИЈ0941404444 Daye
┬а ┬аРўј№ИЈ0965412222 Dr.Shalom
┬а┬а Рўј№ИЈ0942404444 Tenbit
┬а┬а Рўј№ИЈ0968670067┬а Selam
┬а┬а Рўј№ИЈ0965410000┬а Ekram(A.A)
┬а
#N.B_We only have a few spots left!! #OB_Ultrasound_Is_Our_Accredited_Course 
­ЪЈЃFor more info .follow us on telegram :-
t.me/eahci"
ETHIO-AMERICAN MEDICAL TRAININGS( CPD ) & HEALTH CONSULTANCY CENTER,2025-01-31 09:01:14+00:00,"#OBGYN_Ultrasound_Training@ADAMA!
#рІеріФрЅ▓рЅх 2 рІГрїђрѕЮрѕФрѕЇ!
---------------------------------------------

РюћріарІўрїІрїЁ-Ethio-American CPD center in collaboration with selected hospitals .
­ЪњЦPlace of Trainings-Selected Hospitals 

Call & Register now
┬а┬а Рўј№ИЈ0941404444 Daye
┬а ┬аРўј№ИЈ0965412222 Dr.Shalom
┬а┬а Рўј№ИЈ0942404444 Tenbit
┬а┬а Рўј№ИЈ0968670067┬а Selam
┬а┬а Рўј№ИЈ0965410000┬а Ekram(A.A)
┬а
#N.B_We only have a few spots left!! #OB_Ultrasound_Is_Our_Accredited_Course 
­ЪЈЃFor more info .follow us on telegram :-
t.me/eahci"
ETHIO-AMERICAN MEDICAL TRAININGS( CPD ) & HEALTH CONSULTANCY CENTER,2025-01-30 12:42:18+00:00,"#**рІерїЇрѕГрІЏрЅх_рѕхрѕЇрїаріЊ_рІѕрѕІрІГрЅ│_рѕХрІХ****
****#Circumcision_Skill_Training_@WOLAYITA_SODO** (Adult & Neonates with Ring ) ┬арЅарЅђрѕѕрЅарЅхріЊ рІФрѕѕрЅђрѕѕрЅарЅх РъЦ┬а **┬аріе рІеріФрЅ▓рЅх 2 рїђрѕЮрѕ« рІГрѕ░рїБрѕЇрЇб** (15CEU CPD & Skill)
­ЪћХ­ЪћХ­ЪћХ­ЪћХ­ЪћХ­ЪћХ­ЪћХ­ЪћХ­ЪћХ­ЪћХ
­ЪЉЅрІерїЇрѕГрІЏрЅх ріГрѕЁрѕјрЅх рѕхрѕЇрїаріЊ (рЅарЅђрѕѕрЅарЅхріЊ рІФрѕѕрЅђрѕѕрЅарЅх - Ring /Without Ring-cut ) рѕхрѕЇрїаріЊ 
­ЪЉЅріарІўрїІрїЁ-Ethio-American┬а Health Consultancy & CPD Center.
­ЪЉЅрѕ░рѕЇрїБріърЅй-GP,HO,Nurse,Midwife

┬а ­ЪЊъ0965412222 Dr shalom
  ­ЪЊъDaye 0941404444
┬а ­ЪЊъEkram 0965410000
 ­ЪЊъSelam(A.A) 0968670067
┬а┬а­ЪЊъTinbit(A.A)┬а0942404444
┬а┬а­ЪЊъOffice┬а0941404444

­ЪЉЅрѕЏрѕхрЅ│рІѕрѕ╗ :-GP,HO,Nurse,Midwif рЅЂрїЦрѕГ 12 рЅЦрЅ╗ рѕўрѕєріЉріЋ ріЦрІерїѕрѕѕрЇЁріЋ рЅђрІхрѕўрІЇ┬а рІерЅ░рѕўрІўрїѕрЅА рЅЦрЅ╗ рІерѕџрѕхрЅ░ріЊрїѕрІ▒ рѕўрѕєріЉріЋ ріЦріЊрѕ│рІЇрЅЃрѕѕріЋрЇб
­ЪЉЅCircumcision is our Patented & Accredited Course !
:-t.me/eahci"
ETHIO-AMERICAN MEDICAL TRAININGS( CPD ) & HEALTH CONSULTANCY CENTER,2025-01-30 12:17:14+00:00,"#**ENGLISH_LANGUAGE_TRAINING**
­ЪЉЅGrammar
­ЪЉЅVocabulary 
­ЪЉЅPronunciation 
 Strarting from #March_3_рІеріФрЅ▓рЅх_24 рІГрїђрѕЮрѕФрѕЇ!
#**HAWASSA**­ЪЊї

Contact us and register now!
­ЪЊъ0965412222
­ЪЊъ0941404444

**ETHIO-AMERICAN TRAINING CENTER!**"
ETHIO-AMERICAN MEDICAL TRAININGS( CPD ) & HEALTH CONSULTANCY CENTER,2025-01-30 09:57:21+00:00,**Congratulations to our beloved trainees on completing the Basic Obstetrics Ultrasound Training given at Gandhi Hospital.**­ЪјЅ­Ъјі
ETHIO-AMERICAN MEDICAL TRAININGS( CPD ) & HEALTH CONSULTANCY CENTER,2025-01-29 17:00:02+00:00,"#рІерїЇрѕГрІЏрЅх_рѕхрѕЇрїаріЊ_Addis_Ababa 
#Circumcision_Skill_Training_@ADISSABABA (Adult & Neonates with Ring ) ┬арЅарЅђрѕѕрЅарЅхріЊ рІФрѕѕрЅђрѕѕрЅарЅх РъЦ┬а ┬аріе рїЦрѕГ 25 рїђрѕЮрѕ« рІГрѕ░рїБрѕЇрЇб (15CEU CPD & Skill)
­ЪћХ­ЪћХ­ЪћХ­ЪћХ­ЪћХ­ЪћХ­ЪћХ­ЪћХ­ЪћХ­ЪћХ
­ЪЉЅріарІўрїІрїЁ-Ethio-American┬а Health Consultancy & CPD Center.
­ЪЉЅрѕ░рѕЇрїБріърЅй-GP,HO,Nurse,Midwife

┬а ­ЪЊъ0965412222 Dr shalom
  ­ЪЊъDaye 0941404444
┬а ­ЪЊъEkram(A.A) 0965410000
 ­ЪЊъSelam(A.A) 0968670067
┬а┬а­ЪЊъTinbit(A.A)┬а0942404444
┬а┬а­ЪЊъOffice┬а0941404444

­ЪЉЅрѕЏрѕхрЅ│рІѕрѕ╗ :-GP,HO,Nurse,Midwif рЅЂрїЦрѕГ 12 рЅЦрЅ╗ рѕўрѕєріЉріЋ ріЦрІерїѕрѕѕрЇЁріЋ рЅђрІхрѕўрІЇ┬а рІерЅ░рѕўрІўрїѕрЅА рЅЦрЅ╗ рІерѕџрѕхрЅ░ріЊрїѕрІ▒ рѕўрѕєріЉріЋ ріЦріЊрѕ│рІЇрЅЃрѕѕріЋрЇб
­ЪЉЅCircumcision is our Patented & Accredited Course !
:-t.me/eahci"
ETHIO-AMERICAN MEDICAL TRAININGS( CPD ) & HEALTH CONSULTANCY CENTER,2025-01-29 12:34:11+00:00,"┬а#­ЪњЦCPD_ріарѕЂріЋ_рІГрѕўрІЮрїѕрЅА #рІерѕърІФ_рЇѕрЅЃрІх_рѕѕрѕЏрѕ│рІ░рѕх_CPD_рІГрѕўрІЮрїѕрЅА
#Title=Comprehensive HIV Prevention, Care and Treatment  Training 
­ЪћХ15CEU
­ЪЉЅ ріе рїЦрѕГ 24 рїђрѕЮрѕ« рІГрѕ░рїБрѕЇ!
**рѕѕрѕЂрѕЅрѕЮ рїцріЊ рЅБрѕѕрѕърІФрІјрЅй рЅарѕЂрѕЅрѕЮ ріГрѕЇрѕјрЅйріЊ ріерЅ░рѕърЅй рѕІрѕІрЅйрѕЂрЇб**
--------------------------------------------
­ЪЊ▒0965410000(Ekram)
­ЪЊ▒0965412222(Dr. Shalom)
­ЪЊ▒0941404444(Daye)
­ЪЊ▒0942404444(Tenbit)
­ЪЊ▒0968670067(Selam)
­ЪЊ│0462124400
┬аEthio-American CPD center & Health Consultancy.
­ЪЈЃWe Are Committed To Excellence In Medical Trainings РЮЌ
For more info join our telegram channel┬а┬а┬а┬а┬а┬а┬а┬а┬а┬а┬а┬а┬а┬а┬а t.me/eahci"
ETHIO-AMERICAN MEDICAL TRAININGS( CPD ) & HEALTH CONSULTANCY CENTER,2025-01-27 11:01:51+00:00,"#OBGYN_Ultrasound_Training@Hawassa!
#ріЦрѕЂрІх_рІГрїђрѕЮрѕФрѕЇ(рїЦрѕГ_25)
---------------------------------------------

РюћріарІўрїІрїЁ-Ethio-American CPD center in collaboration with selected hospitals .
­ЪњЦPlace of Trainings-Selected Hospitals 

Call & Register now
┬а┬а Рўј№ИЈ0941404444 Daye
┬а ┬аРўј№ИЈ0965412222 Dr.Shalom
┬а┬а Рўј№ИЈ0942404444 Tenbit
┬а┬а Рўј№ИЈ0968670067┬а Selam
┬а┬а Рўј№ИЈ0965410000┬а Ekram(A.A)
┬а
#N.B_We only have a few spots left!! #OB_Ultrasound_Is_Our_Accredited_Course 
­ЪЈЃFor more info .follow us on telegram :-
t.me/eahci"
ETHIO-AMERICAN MEDICAL TRAININGS( CPD ) & HEALTH CONSULTANCY CENTER,2025-01-26 13:17:40+00:00,"#**Adult_ECHO_Training****@****#ADISS_ABABA_By_Cardiologist_for_Physicians**** 
** We_have_Only_few_trainee_Position
­ЪЉЅLecture will start on February 3
­ЪЉЅрїЦрѕГ 26 рІГрїђрѕЮрѕФрѕЇ!
#Hands_on training !
#Register_Soon_And_Get_Certified !!
­ЪЊъ0965412222 Dr.Shalom
­ЪЊъ0941404444

#Hosted_By: Ethio-American Medical Training Center
T.me/eahci"
ETHIO-AMERICAN MEDICAL TRAININGS( CPD ) & HEALTH CONSULTANCY CENTER,2025-01-24 14:09:14+00:00,"#ріљрїѕ_рІГрїђрѕЮрѕФрѕЇ_Ultrasound_рѕхрѕЇрїаріЊ_ріарІ▓рѕх_ріарЅарЅБ_рїІріЋрІ▓_рѕєрѕхрЇњрЅ│рѕЇ 
#ріерїЦрѕГ_18/2017 рїђрѕЮрѕ«
---------------------------------------------
Рюћ#ріарІўрїІрїЁ-**Ethio-American CPD center in collaboration with selected hospitals .**
 #**Place_of_Training** Ръ» **Ghandi_Hospital**( рїІріЋрІ▓_рѕєрѕхрЇњрЅ│рѕЇ )

Call & Register now
┬а ┬аРўј№ИЈ0965412222 Dr.Shalom
┬а┬а Рўј№ИЈ0941404444 Daye
┬а┬а Рўј№ИЈ0942404444 Tenbit
┬а┬а Рўј№ИЈ0968670067┬а Selam
┬а┬а Рўј№ИЈ0965410000┬а Ekram(A.A)
┬а
#N.B_We only have a few spots left!! #OB_Ultrasound_Is_Our_Accredited_Course 
­ЪЈЃFor more info .follow us on telegram :-
t.me/eahci"
ETHIO-AMERICAN MEDICAL TRAININGS( CPD ) & HEALTH CONSULTANCY CENTER,2025-01-23 07:31:53+00:00,"#BASIC_ABDOMINAL_ULTRASOUND_TRAINING @HAWASSA & #Shashemene 
#рїЦрѕГ_26/2017 
­ЪћХ­ЪћХ­ЪћХ­ЪћХ­ЪћХ­ЪћХ­ЪћХ­ЪћХ­ЪћХ­ЪћХ
­ЪЉЅріарІўрїІрїЁ-Ethio-American┬а Health Consultancy & CPD Center.
­ЪЉЅрѕ░рѕЇрїБріърЅй-PHYSICIANS,MRT +

┬а ­ЪЊъ0965412222 Dr shalom
  ­ЪЊъDaye 0941404444
┬а ­ЪЊъEkram 0965410000
 ­ЪЊъSelam 0968670067
┬а┬а­ЪЊъTinbit 0942404444
┬а┬а­ЪЊъOffice┬а0941404444

­ЪЉЅрѕЏрѕхрЅ│рІѕрѕ╗ :-only a few spots are available 
:-t.me/eahci"
